SeqID;Isolate_Id;Isolate_Name;;Location;lat;lon;Host;Collection_Date;;;
>EPI_ISL_10434072|A/swan/Germany-BW/AI00996/2022|A_/_H5N2;EPI_ISL_10434072;A/swan/Germany-BW/AI00996/2022;A / H5N2;Europe / Germany / Baden-Wuerttemberg / Regierungsbezirk Karlsruhe / Karlsruhe;;;Swan;2022-01-29;;;
>EPI_ISL_10434073|A/swan/Germany-BW/AI00997/2022|A_/_H5N2;EPI_ISL_10434073;A/swan/Germany-BW/AI00997/2022;A / H5N2;Europe / Germany / Baden-Wuerttemberg / Regierungsbezirk Karlsruhe / Karlsruhe;;;Swan;2022-01-30;;;
>EPI_ISL_104409|A/chicken/Pakistan/NARC-16945/2010|A_/_H3N1;EPI_ISL_104409;A/chicken/Pakistan/NARC-16945/2010;A / H3N1;Asia / Pakistan;;;Chicken;2010-01-25;;;
>EPI_ISL_11922807|A/chicken/Poland/H182_22VIR2515-1/2022|A_/_H5N2;EPI_ISL_11922807;A/chicken/Poland/H182_22VIR2515-1/2022;A / H5N2;Europe / Poland;;;Chicken;2022-02-28;;;
>EPI_ISL_120184|A/teal/Egypt/20431-NAMRU3/2003|A_/_H1N2;EPI_ISL_120184;A/teal/Egypt/20431-NAMRU3/2003;A / H1N2;Africa / Egypt / Damietta;;;Avian;2003-12-22;;;
>EPI_ISL_120191|A/shoveler/Egypt/00134-NAMRU3/2005|A_/_H1N1;EPI_ISL_120191;A/shoveler/Egypt/00134-NAMRU3/2005;A / H1N1;Africa / Egypt / Damietta;;;Avian;2005-01-13;;;
>EPI_ISL_120865|A/wild_bird/Korea/A330/09|A_/_H7N7;EPI_ISL_120865;A/wild_bird/Korea/A330/09;A / H7N7;Asia / South Korea;;;Avian;2009-11;;;
>EPI_ISL_120866|A/wild_bird/Korea/A331/09|A_/_H7N7;EPI_ISL_120866;A/wild_bird/Korea/A331/09;A / H7N7;Asia / South Korea;;;Avian;2009-11;;;
>EPI_ISL_120867|A/pintail/Korea/1173/09|A_/_H7N7;EPI_ISL_120867;A/pintail/Korea/1173/09;A / H7N7;Asia / South Korea;;;Anas acuta;2009-12;;;
>EPI_ISL_121363|A/duck/Moscow/3806/2009|A_/_H3;EPI_ISL_121363;A/duck/Moscow/3806/2009;A / H3;Europe / Russian Federation;;;Duck;2009-09;;;
>EPI_ISL_122034|A/northern_shoveler/Georgia/1/2010|A_/_H2N3;EPI_ISL_122034;A/northern_shoveler/Georgia/1/2010;A / H2N3;Asia / Georgia;;;Anas clypeata;2010;;;
>EPI_ISL_122080|A/mallard/Sweden/9/2003|A_/_H2N7;EPI_ISL_122080;A/mallard/Sweden/9/2003;A / H2N7;Europe / Sweden;;;Anas platyrhynchos;2003;;;
>EPI_ISL_122101|A/mallard/Netherlands/1/2010|A_/_H2N3;EPI_ISL_122101;A/mallard/Netherlands/1/2010;A / H2N3;Europe / Netherlands;;;Anas platyrhynchos;2010;;;
>EPI_ISL_124267|A/duck/Thailand/CU-7518C/2010|A_/_H3N8;EPI_ISL_124267;A/duck/Thailand/CU-7518C/2010;A / H3N8;Asia / Thailand;;;Duck;2010-05-26;;;
>EPI_ISL_124288|A/duck/Thailand/CU-7519C/2010|A_/_H3N8;EPI_ISL_124288;A/duck/Thailand/CU-7519C/2010;A / H3N8;Asia / Thailand;;;Duck;2010-05-26;;;
>EPI_ISL_124325|A/teal/Djankoy/4-17-11/2010|A_/_H5N2;EPI_ISL_124325;A/teal/Djankoy/4-17-11/2010;A / H5N2;Europe / Ukraine;;;Duck;2010;;;
>EPI_ISL_125856|A/snow_goose/Mongolia/1-29/2008|A_/_H3N8;EPI_ISL_125856;A/snow_goose/Mongolia/1-29/2008;A / H3N8;Asia / Mongolia;;;Anser caerulescens;2008-05;;;
>EPI_ISL_125857|A/snow_goose/Mongolia/1-44/2008|A_/_H3N8;EPI_ISL_125857;A/snow_goose/Mongolia/1-44/2008;A / H3N8;Asia / Mongolia;;;Anser caerulescens;2008-05;;;
>EPI_ISL_129976|A/common_gull/Norway/10_1602/2009|A_/_H6N8;EPI_ISL_129976;A/common_gull/Norway/10_1602/2009;A / H6N8;Europe / Norway;;;Larus canus;2009;;;
>EPI_ISL_130355|A/aquatic_bird/Korea/CN5/2009|A_/_H6N5;EPI_ISL_130355;A/aquatic_bird/Korea/CN5/2009;A / H6N5;Asia / South Korea;;;Avian;2009-11;;;
>EPI_ISL_131202|A/wild_duck/Korea/CSM4-28/2010|A_/_H4N6;EPI_ISL_131202;A/wild_duck/Korea/CSM4-28/2010;A / H4N6;Asia / South Korea;;;Duck;2010-09;;;
>EPI_ISL_131204|A/duck/Korea/DY104/2007|A_/_H4N6;EPI_ISL_131204;A/duck/Korea/DY104/2007;A / H4N6;Asia / South Korea;;;Duck;2007-12;;;
>EPI_ISL_13570|A/mallard/Italy/250/02|A_/_H7N1;EPI_ISL_13570;A/mallard/Italy/250/02;A / H7N1;Europe / Italy;;;Anas platyrhynchos;2002;;;
>EPI_ISL_138755|A/avian/Israel/320/2001|A_/_H6N2;EPI_ISL_138755;A/avian/Israel/320/2001;A / H6N2;Asia / Israel;;;Avian;2001-03;;;
>EPI_ISL_140706|A/wild_goose/Dongting/C1037/2011|A_/_H12N8;EPI_ISL_140706;A/wild_goose/Dongting/C1037/2011;A / H12N8;Asia / China;;;Goose;2011-11-10;;;
>EPI_ISL_142937|A/sparrow/Guangxi/GXs-1/2012|A_/_H1N2;EPI_ISL_142937;A/sparrow/Guangxi/GXs-1/2012;A / H1N2;Asia / China;;;Passer;2012-03-10;;;
>EPI_ISL_142965|A/Muscovy_duck/Guangxi/GXd-3/2012|A_/_H1N2;EPI_ISL_142965;A/Muscovy_duck/Guangxi/GXd-3/2012;A / H1N2;Asia / China;;;Cairina moschata;2012-02-26;;;
>EPI_ISL_14388281|A/Cygnus_olor/Belgium/11638_0002/2021|A_/_H10N4;EPI_ISL_14388281;A/Cygnus_olor/Belgium/11638_0002/2021;A / H10N4;Europe / Belgium / Province de Brabant Wallon / La Hulpe;;;Cygnus olor;2021-09-06;;;
>EPI_ISL_14389203|A/Tadorna_tadorna/Belgium/1260_0003/2022|A_/_H4N6;EPI_ISL_14389203;A/Tadorna_tadorna/Belgium/1260_0003/2022;A / H4N6;Europe / Belgium / Provincie West-Vlaanderen / Watou;;;Tadorna tadorna;2022-01-22;;;
>EPI_ISL_14393464|A/Arenaria_interpres/Belgium/3125_0002/2022|A_/_H10N4;EPI_ISL_14393464;A/Arenaria_interpres/Belgium/3125_0002/2022;A / H10N4;Europe / Belgium / Provincie West-Vlaanderen / Raversijde;;;Ruddy turnstone;2022-03-04;;;
>EPI_ISL_146329|A/duck/Jiangxi/16285/2010|A_/_H7N3;EPI_ISL_146329;A/duck/Jiangxi/16285/2010;A / H7N3;Asia / China;;;Duck;2010;;;
>EPI_ISL_146359|A/northern_shoveler/Hong_Kong/MPL961/2011|A_/_H2N9;EPI_ISL_146359;A/northern_shoveler/Hong_Kong/MPL961/2011;A / H2N9;Asia / China;;;Anas clypeata;2011;;;
>EPI_ISL_146361|A/northern_shoveler/Hong_Kong/MPL133/2010|A_/_H2N9;EPI_ISL_146361;A/northern_shoveler/Hong_Kong/MPL133/2010;A / H2N9;Asia / China;;;Anas clypeata;2010;;;
>EPI_ISL_146397|A/duck/Jiangxi/16309/2010|A_/_H7N7;EPI_ISL_146397;A/duck/Jiangxi/16309/2010;A / H7N7;Asia / China;;;Duck;2010;;;
>EPI_ISL_146398|A/duck/Jiangxi/16326/2010|A_/_H7N7;EPI_ISL_146398;A/duck/Jiangxi/16326/2010;A / H7N7;Asia / China;;;Duck;2010;;;
>EPI_ISL_146399|A/duck/Jiangxi/16736/2010|A_/_H7N3;EPI_ISL_146399;A/duck/Jiangxi/16736/2010;A / H7N3;Asia / China;;;Duck;2010;;;
>EPI_ISL_146400|A/duck/Jiangxi/16769/2010|A_/_H7N7;EPI_ISL_146400;A/duck/Jiangxi/16769/2010;A / H7N7;Asia / China;;;Duck;2010;;;
>EPI_ISL_146401|A/duck/Jiangxi/21980/2010|A_/_H7N7;EPI_ISL_146401;A/duck/Jiangxi/21980/2010;A / H7N7;Asia / China;;;Duck;2010;;;
>EPI_ISL_146472|A/turkey/Germany-NI/R534/2013|A_/_H7N7;EPI_ISL_146472;A/turkey/Germany-NI/R534/2013;A / H7N7;Europe / Germany / Lower Saxony;;;Turkey;2013-04-11;;;
>EPI_ISL_148203|A/great_black-backed_gull/Iceland/1110/2011|A_/_H5N2;EPI_ISL_148203;A/great_black-backed_gull/Iceland/1110/2011;A / H5N2;Europe / Iceland;;;Larus marinus;2011-10-16;;;
>EPI_ISL_148218|A/greylag_goose/Iceland/1459/2011|A_/_H6N5;EPI_ISL_148218;A/greylag_goose/Iceland/1459/2011;A / H6N5;Europe / Iceland;;;Anser anser;2011-11-01;;;
>EPI_ISL_148225|A/greylag_goose/Iceland/0948/2011|A_/_H6N5;EPI_ISL_148225;A/greylag_goose/Iceland/0948/2011;A / H6N5;Europe / Iceland;;;Anser anser;2011-11-01;;;
>EPI_ISL_148226|A/greylag_goose/Iceland/0953/2011|A_/_H6N5;EPI_ISL_148226;A/greylag_goose/Iceland/0953/2011;A / H6N5;Europe / Iceland;;;Anser anser;2011-11-01;;;
>EPI_ISL_14854178|A/garganey/Chany_Lake/210/2014|A_/_H14N9;EPI_ISL_14854178;A/garganey/Chany_Lake/210/2014;A / H14N9;Europe / Russian Federation / Novosibirsk Oblast;;;Anas querquedula;2014-08-24;;;
>EPI_ISL_149858|A/common_goldeneye/Mongolia/1271/2010|A_/_H7N1;EPI_ISL_149858;A/common_goldeneye/Mongolia/1271/2010;A / H7N1;Asia / Mongolia;;;Bucephala clangula;2010-07-24;;;
>EPI_ISL_149862|A/ruddy_shelduck/Mongolia/1189/2010|A_/_H7N1;EPI_ISL_149862;A/ruddy_shelduck/Mongolia/1189/2010;A / H7N1;Asia / Mongolia;;;Tadorna feruginea;2010-07-24;;;
>EPI_ISL_149869|A/ruddy_shelduck/Mongolia/436/2010|A_/_H7N1;EPI_ISL_149869;A/ruddy_shelduck/Mongolia/436/2010;A / H7N1;Asia / Mongolia;;;Tadorna feruginea;2010-06-19;;;
>EPI_ISL_149873|A/common_shelduck/Mongolia/2076/2011|A_/_H3N8;EPI_ISL_149873;A/common_shelduck/Mongolia/2076/2011;A / H3N8;Asia / Mongolia;;;Tadorna tadorna;2011-10-08;;;
>EPI_ISL_149875|A/common_shelduck/Mongolia/2185/2011|A_/_H3N8;EPI_ISL_149875;A/common_shelduck/Mongolia/2185/2011;A / H3N8;Asia / Mongolia;;;Tadorna tadorna;2011-10-09;;;
>EPI_ISL_149877|A/mallard/Mongolia/2377/2011|A_/_H3N6;EPI_ISL_149877;A/mallard/Mongolia/2377/2011;A / H3N6;Asia / Mongolia;;;Anas platyrhynchos;2011-10-11;;;
>EPI_ISL_149883|A/surf_scooter/Mongolia/878V/2009|A_/_H10N8;EPI_ISL_149883;A/surf_scooter/Mongolia/878V/2009;A / H10N8;Asia / Mongolia;;;Melanitta perspicillata;2009-09-15;;;
>EPI_ISL_149891|A/common_teal/Mongolia/1920/2011|A_/_H4N6;EPI_ISL_149891;A/common_teal/Mongolia/1920/2011;A / H4N6;Asia / Mongolia;;;Anas discors;2011-09-18;;;
>EPI_ISL_149901|A/velvet_scoter/Mongolia/879V/2009|A_/_H10N8;EPI_ISL_149901;A/velvet_scoter/Mongolia/879V/2009;A / H10N8;Asia / Mongolia;;;Melanitta fusca;2009-09-15;;;
>EPI_ISL_149903|A/ruddy_shelduck/Mongolia/1209/2010|A_/_H7N1;EPI_ISL_149903;A/ruddy_shelduck/Mongolia/1209/2010;A / H7N1;Asia / Mongolia;;;Tadorna feruginea;2010-07-24;;;
>EPI_ISL_150006|A/mallard/Sweden/43/2002|A_/_H10N5;EPI_ISL_150006;A/mallard/Sweden/43/2002;A / H10N5;Europe / Sweden;;;Anas platyrhynchos;2002-11-13;;;
>EPI_ISL_150013|A/mallard/Sweden/9/2003|A_/_H2N5;EPI_ISL_150013;A/mallard/Sweden/9/2003;A / H2N5;Europe / Sweden;;;Anas platyrhynchos;2003-06-12;;;
>EPI_ISL_150053|A/mallard/Sweden/54/2002|A_/_H4N6;EPI_ISL_150053;A/mallard/Sweden/54/2002;A / H4N6;Europe / Sweden;;;Anas platyrhynchos;2002-11-16;;;
>EPI_ISL_151927|A/wild_waterfowl/Dongting/C2383/2012|A_/_H1N2;EPI_ISL_151927;A/wild_waterfowl/Dongting/C2383/2012;A / H1N2;Asia / China;;;Avian;2012-01-10;;;
>EPI_ISL_15267028|A/Mallard/Netherlands/7/2022|A_/_H5N3;EPI_ISL_15267028;A/Mallard/Netherlands/7/2022;A / H5N3;Europe / Netherlands / Hippolytushoef, Mulders Eendenkooi;;;Avian;2022-09-05;;;
>EPI_ISL_155974|A/chicken/Italy/1081/1999|A_/_H7N1;EPI_ISL_155974;A/chicken/Italy/1081/1999;A / H7N1;Europe / Italy;;;Chicken;1999-04-02;;;
>EPI_ISL_155977|A/turkey/Italy/1744/1999|A_/_H7N1;EPI_ISL_155977;A/turkey/Italy/1744/1999;A / H7N1;Europe / Italy;;;Turkey;1999-04-26;;;
>EPI_ISL_156215|A/duck/Moscow/4182/2010|A_/_H5N3;EPI_ISL_156215;A/duck/Moscow/4182/2010;A / H5N3;Europe / Russian Federation;;;Duck;2010-11;;;
>EPI_ISL_158185|A/mallard/Sweden/79391/2008|A_/_H4N2;EPI_ISL_158185;A/mallard/Sweden/79391/2008;A / H4N2;Europe / Sweden;;;Anas platyrhynchos;2008-11-15;;;
>EPI_ISL_158188|A/mallard/Sweden/105093/2009|A_/_H4N6;EPI_ISL_158188;A/mallard/Sweden/105093/2009;A / H4N6;Europe / Sweden;;;Anas platyrhynchos;2009-11-27;;;
>EPI_ISL_158212|A/mallard/Sweden/4639/2004|A;EPI_ISL_158212;A/mallard/Sweden/4639/2004;A;Europe / Sweden;;;Anas platyrhynchos;2004-09-04;;;
>EPI_ISL_158322|A/mallard/Sweden/79186/2008|A;EPI_ISL_158322;A/mallard/Sweden/79186/2008;A;Europe / Sweden;;;Anas platyrhynchos;2008-11-12;;;
>EPI_ISL_158323|A/mallard/Sweden/79187/2008|A_/_H4N6;EPI_ISL_158323;A/mallard/Sweden/79187/2008;A / H4N6;Europe / Sweden;;;Anas platyrhynchos;2008-11-12;;;
>EPI_ISL_158324|A/mallard/Sweden/79230/2008|A;EPI_ISL_158324;A/mallard/Sweden/79230/2008;A;Europe / Sweden;;;Anas platyrhynchos;2008-11-13;;;
>EPI_ISL_158327|A/mallard/Sweden/79328/2008|A_/_H4N6;EPI_ISL_158327;A/mallard/Sweden/79328/2008;A / H4N6;Europe / Sweden;;;Anas platyrhynchos;2008-11-14;;;
>EPI_ISL_158330|A/mallard/Sweden/79332/2008|A_/_H4N6;EPI_ISL_158330;A/mallard/Sweden/79332/2008;A / H4N6;Europe / Sweden;;;Anas platyrhynchos;2008-11-14;;;
>EPI_ISL_158332|A/mallard/Sweden/79367/2008|A_/_H4N6;EPI_ISL_158332;A/mallard/Sweden/79367/2008;A / H4N6;Europe / Sweden;;;Anas platyrhynchos;2008-11-15;;;
>EPI_ISL_158334|A/mallard/Sweden/79375/2008|A_/_H4N6;EPI_ISL_158334;A/mallard/Sweden/79375/2008;A / H4N6;Europe / Sweden;;;Anas platyrhynchos;2008-11-15;;;
>EPI_ISL_158335|A/mallard/Sweden/79388/2008|A_/_H4N6;EPI_ISL_158335;A/mallard/Sweden/79388/2008;A / H4N6;Europe / Sweden;;;Anas platyrhynchos;2008-11-15;;;
>EPI_ISL_158336|A/mallard/Sweden/79412/2008|A_/_H4N6;EPI_ISL_158336;A/mallard/Sweden/79412/2008;A / H4N6;Europe / Sweden;;;Anas platyrhynchos;2008-11-15;;;
>EPI_ISL_158339|A/mallard/Sweden/79956/2008|A;EPI_ISL_158339;A/mallard/Sweden/79956/2008;A;Europe / Sweden;;;Anas platyrhynchos;2008-11-16;;;
>EPI_ISL_158342|A/mallard/Sweden/79981/2008|A_/_H4N6;EPI_ISL_158342;A/mallard/Sweden/79981/2008;A / H4N6;Europe / Sweden;;;Anas platyrhynchos;2008-11-16;;;
>EPI_ISL_158343|A/mallard/Sweden/79998/2008|A_/_H4N6;EPI_ISL_158343;A/mallard/Sweden/79998/2008;A / H4N6;Europe / Sweden;;;Anas platyrhynchos;2008-11-17;;;
>EPI_ISL_158344|A/mallard/Sweden/80009/2008|A_/_H4N6;EPI_ISL_158344;A/mallard/Sweden/80009/2008;A / H4N6;Europe / Sweden;;;Anas platyrhynchos;2008-11-17;;;
>EPI_ISL_158345|A/mallard/Sweden/80010/2008|A_/_H4N6;EPI_ISL_158345;A/mallard/Sweden/80010/2008;A / H4N6;Europe / Sweden;;;Anas platyrhynchos;2008-11-17;;;
>EPI_ISL_158346|A/mallard/Sweden/80014/2008|A_/_H4N6;EPI_ISL_158346;A/mallard/Sweden/80014/2008;A / H4N6;Europe / Sweden;;;Anas platyrhynchos;2008-11-17;;;
>EPI_ISL_158347|A/mallard/Sweden/80051/2008|A_/_H4N6;EPI_ISL_158347;A/mallard/Sweden/80051/2008;A / H4N6;Europe / Sweden;;;Anas platyrhynchos;2008-11-18;;;
>EPI_ISL_158348|A/mallard/Sweden/80063/2008|A_/_H4N6;EPI_ISL_158348;A/mallard/Sweden/80063/2008;A / H4N6;Europe / Sweden;;;Anas platyrhynchos;2008-11-18;;;
>EPI_ISL_158350|A/mallard/Sweden/80078/2008|A_/_H4N6;EPI_ISL_158350;A/mallard/Sweden/80078/2008;A / H4N6;Europe / Sweden;;;Anas platyrhynchos;2008-11-18;;;
>EPI_ISL_158353|A/mallard/Sweden/80114/2008|A_/_H4N2;EPI_ISL_158353;A/mallard/Sweden/80114/2008;A / H4N2;Europe / Sweden;;;Anas platyrhynchos;2008-11-19;;;
>EPI_ISL_158354|A/mallard/Sweden/80127/2008|A_/_H4N6;EPI_ISL_158354;A/mallard/Sweden/80127/2008;A / H4N6;Europe / Sweden;;;Anas platyrhynchos;2008-11-19;;;
>EPI_ISL_158355|A/mallard/Sweden/80148/2008|A_/_H4N6;EPI_ISL_158355;A/mallard/Sweden/80148/2008;A / H4N6;Europe / Sweden;;;Anas platyrhynchos;2008-11-19;;;
>EPI_ISL_158357|A/mallard/Sweden/79308/2008|A_/_H4N2;EPI_ISL_158357;A/mallard/Sweden/79308/2008;A / H4N2;Europe / Sweden;;;Anas platyrhynchos;2008-11-14;;;
>EPI_ISL_158358|A/mallard/Sweden/80173/2008|A_/_H4N6;EPI_ISL_158358;A/mallard/Sweden/80173/2008;A / H4N6;Europe / Sweden;;;Anas platyrhynchos;2008-11-19;;;
>EPI_ISL_158359|A/mallard/Sweden/80185/2008|A_/_H4N6;EPI_ISL_158359;A/mallard/Sweden/80185/2008;A / H4N6;Europe / Sweden;;;Anas platyrhynchos;2008-11-19;;;
>EPI_ISL_158363|A/mallard/Sweden/80260/2008|A_/_H4N6;EPI_ISL_158363;A/mallard/Sweden/80260/2008;A / H4N6;Europe / Sweden;;;Anas platyrhynchos;2008-11-21;;;
>EPI_ISL_158364|A/mallard/Sweden/80299/2008|A_/_H4N6;EPI_ISL_158364;A/mallard/Sweden/80299/2008;A / H4N6;Europe / Sweden;;;Anas platyrhynchos;2008-11-21;;;
>EPI_ISL_158365|A/mallard/Sweden/80348/2008|A;EPI_ISL_158365;A/mallard/Sweden/80348/2008;A;Europe / Sweden;;;Anas platyrhynchos;2008-11-22;;;
>EPI_ISL_158366|A/mallard/Sweden/80389/2008|A_/_H4N6;EPI_ISL_158366;A/mallard/Sweden/80389/2008;A / H4N6;Europe / Sweden;;;Anas platyrhynchos;2008-11-22;;;
>EPI_ISL_158368|A/mallard/Sweden/81019/2008|A_/_H4N6;EPI_ISL_158368;A/mallard/Sweden/81019/2008;A / H4N6;Europe / Sweden;;;Anas platyrhynchos;2008-12-05;;;
>EPI_ISL_158373|A/mallard/Sweden/100881/2009|A_/_H4N6;EPI_ISL_158373;A/mallard/Sweden/100881/2009;A / H4N6;Europe / Sweden;;;Anas platyrhynchos;2009-11-01;;;
>EPI_ISL_158374|A/mallard/Sweden/101010/2009|A_/_H4N6;EPI_ISL_158374;A/mallard/Sweden/101010/2009;A / H4N6;Europe / Sweden;;;Anas platyrhynchos;2009-11-03;;;
>EPI_ISL_158375|A/mallard/Sweden/101081/2009|A_/_H4N6;EPI_ISL_158375;A/mallard/Sweden/101081/2009;A / H4N6;Europe / Sweden;;;Anas platyrhynchos;2009-11-04;;;
>EPI_ISL_158376|A/mallard/Sweden/101180/2009|A_/_H4N6;EPI_ISL_158376;A/mallard/Sweden/101180/2009;A / H4N6;Europe / Sweden;;;Anas platyrhynchos;2009-11-05;;;
>EPI_ISL_158378|A/mallard/Sweden/101298/2009|A_/_H4N6;EPI_ISL_158378;A/mallard/Sweden/101298/2009;A / H4N6;Europe / Sweden;;;Anas platyrhynchos;2009-11-07;;;
>EPI_ISL_158379|A/mallard/Sweden/101329/2009|A_/_H4N6;EPI_ISL_158379;A/mallard/Sweden/101329/2009;A / H4N6;Europe / Sweden;;;Anas platyrhynchos;2009-11-08;;;
>EPI_ISL_158380|A/mallard/Sweden/101431/2009|A_/_H4N6;EPI_ISL_158380;A/mallard/Sweden/101431/2009;A / H4N6;Europe / Sweden;;;Anas platyrhynchos;2009-11-09;;;
>EPI_ISL_158381|A/mallard/Sweden/101504/2009|A_/_H4N6;EPI_ISL_158381;A/mallard/Sweden/101504/2009;A / H4N6;Europe / Sweden;;;Anas platyrhynchos;2009-11-10;;;
>EPI_ISL_158382|A/mallard/Sweden/101524/2009|A_/_H4N6;EPI_ISL_158382;A/mallard/Sweden/101524/2009;A / H4N6;Europe / Sweden;;;Anas platyrhynchos;2009-11-10;;;
>EPI_ISL_158383|A/mallard/Sweden/101564/2009|A_/_H4N6;EPI_ISL_158383;A/mallard/Sweden/101564/2009;A / H4N6;Europe / Sweden;;;Anas platyrhynchos;2009-11-11;;;
>EPI_ISL_158384|A/mallard/Sweden/101565/2009|A_/_H4N6;EPI_ISL_158384;A/mallard/Sweden/101565/2009;A / H4N6;Europe / Sweden;;;Anas platyrhynchos;2009-11-11;;;
>EPI_ISL_158385|A/mallard/Sweden/101602/2009|A_/_H4N6;EPI_ISL_158385;A/mallard/Sweden/101602/2009;A / H4N6;Europe / Sweden;;;Anas platyrhynchos;2009-11-11;;;
>EPI_ISL_158386|A/mallard/Sweden/101603/2009|A_/_H4N6;EPI_ISL_158386;A/mallard/Sweden/101603/2009;A / H4N6;Europe / Sweden;;;Anas platyrhynchos;2009-11-11;;;
>EPI_ISL_158387|A/mallard/Sweden/101632/2009|A_/_H4N6;EPI_ISL_158387;A/mallard/Sweden/101632/2009;A / H4N6;Europe / Sweden;;;Anas platyrhynchos;2009-11-12;;;
>EPI_ISL_158388|A/mallard/Sweden/101640/2009|A_/_H4N6;EPI_ISL_158388;A/mallard/Sweden/101640/2009;A / H4N6;Europe / Sweden;;;Anas platyrhynchos;2009-11-12;;;
>EPI_ISL_158389|A/mallard/Sweden/101642/2009|A_/_H4N6;EPI_ISL_158389;A/mallard/Sweden/101642/2009;A / H4N6;Europe / Sweden;;;Anas platyrhynchos;2009-11-12;;;
>EPI_ISL_158390|A/mallard/Sweden/101654/2009|A_/_H4N6;EPI_ISL_158390;A/mallard/Sweden/101654/2009;A / H4N6;Europe / Sweden;;;Anas platyrhynchos;2009-11-12;;;
>EPI_ISL_158391|A/mallard/Sweden/101658/2009|A_/_H4N6;EPI_ISL_158391;A/mallard/Sweden/101658/2009;A / H4N6;Europe / Sweden;;;Anas platyrhynchos;2009-11-12;;;
>EPI_ISL_158392|A/mallard/Sweden/101663/2009|A_/_H4N6;EPI_ISL_158392;A/mallard/Sweden/101663/2009;A / H4N6;Europe / Sweden;;;Anas platyrhynchos;2009-11-12;;;
>EPI_ISL_158393|A/mallard/Sweden/101733/2009|A_/_H4N6;EPI_ISL_158393;A/mallard/Sweden/101733/2009;A / H4N6;Europe / Sweden;;;Anas platyrhynchos;2009-11-13;;;
>EPI_ISL_158395|A/mallard/Sweden/101785/2009|A_/_H4N6;EPI_ISL_158395;A/mallard/Sweden/101785/2009;A / H4N6;Europe / Sweden;;;Anas platyrhynchos;2009-11-13;;;
>EPI_ISL_158396|A/mallard/Sweden/101799/2009|A_/_H4N6;EPI_ISL_158396;A/mallard/Sweden/101799/2009;A / H4N6;Europe / Sweden;;;Anas platyrhynchos;2009-11-13;;;
>EPI_ISL_158397|A/mallard/Sweden/101831/2009|A_/_H4N6;EPI_ISL_158397;A/mallard/Sweden/101831/2009;A / H4N6;Europe / Sweden;;;Anas platyrhynchos;2009-11-13;;;
>EPI_ISL_158398|A/mallard/Sweden/101900/2009|A_/_H4N3;EPI_ISL_158398;A/mallard/Sweden/101900/2009;A / H4N3;Europe / Sweden;;;Anas platyrhynchos;2009-11-14;;;
>EPI_ISL_158399|A/mallard/Sweden/102012/2009|A_/_H4N6;EPI_ISL_158399;A/mallard/Sweden/102012/2009;A / H4N6;Europe / Sweden;;;Anas platyrhynchos;2009-11-16;;;
>EPI_ISL_158400|A/mallard/Sweden/102024/2009|A_/_H4N6;EPI_ISL_158400;A/mallard/Sweden/102024/2009;A / H4N6;Europe / Sweden;;;Anas platyrhynchos;2009-11-16;;;
>EPI_ISL_158401|A/mallard/Sweden/102029/2009|A_/_H4N6;EPI_ISL_158401;A/mallard/Sweden/102029/2009;A / H4N6;Europe / Sweden;;;Anas platyrhynchos;2009-11-16;;;
>EPI_ISL_158402|A/mallard/Sweden/102045/2009|A_/_H4N6;EPI_ISL_158402;A/mallard/Sweden/102045/2009;A / H4N6;Europe / Sweden;;;Anas platyrhynchos;2009-11-16;;;
>EPI_ISL_158403|A/mallard/Sweden/102056/2009|A_/_H4N6;EPI_ISL_158403;A/mallard/Sweden/102056/2009;A / H4N6;Europe / Sweden;;;Anas platyrhynchos;2009-11-16;;;
>EPI_ISL_158404|A/mallard/Sweden/102114/2009|A_/_H4N6;EPI_ISL_158404;A/mallard/Sweden/102114/2009;A / H4N6;Europe / Sweden;;;Anas platyrhynchos;2009-11-17;;;
>EPI_ISL_158405|A/mallard/Sweden/102124/2009|A_/_H4N6;EPI_ISL_158405;A/mallard/Sweden/102124/2009;A / H4N6;Europe / Sweden;;;Anas platyrhynchos;2009-11-17;;;
>EPI_ISL_158406|A/mallard/Sweden/102157/2009|A_/_H4N6;EPI_ISL_158406;A/mallard/Sweden/102157/2009;A / H4N6;Europe / Sweden;;;Anas platyrhynchos;2009-11-18;;;
>EPI_ISL_158407|A/mallard/Sweden/80178/2008|A_/_H4N6;EPI_ISL_158407;A/mallard/Sweden/80178/2008;A / H4N6;Europe / Sweden;;;Anas platyrhynchos;2008-11-19;;;
>EPI_ISL_158408|A/mallard/Sweden/104681/2009|A_/_H4N6;EPI_ISL_158408;A/mallard/Sweden/104681/2009;A / H4N6;Europe / Sweden;;;Anas platyrhynchos;2009-11-21;;;
>EPI_ISL_158409|A/mallard/Sweden/104793/2009|A_/_H4N6;EPI_ISL_158409;A/mallard/Sweden/104793/2009;A / H4N6;Europe / Sweden;;;Anas platyrhynchos;2009-11-22;;;
>EPI_ISL_158410|A/mallard/Sweden/104831/2009|A_/_H4N6;EPI_ISL_158410;A/mallard/Sweden/104831/2009;A / H4N6;Europe / Sweden;;;Anas platyrhynchos;2009-11-23;;;
>EPI_ISL_158411|A/mallard/Sweden/104839/2009|A_/_H4N6;EPI_ISL_158411;A/mallard/Sweden/104839/2009;A / H4N6;Europe / Sweden;;;Anas platyrhynchos;2009-11-23;;;
>EPI_ISL_158412|A/mallard/Sweden/104925/2009|A_/_H4N6;EPI_ISL_158412;A/mallard/Sweden/104925/2009;A / H4N6;Europe / Sweden;;;Anas platyrhynchos;2009-11-24;;;
>EPI_ISL_158413|A/mallard/Sweden/104931/2009|A_/_H4N6;EPI_ISL_158413;A/mallard/Sweden/104931/2009;A / H4N6;Europe / Sweden;;;Anas platyrhynchos;2009-11-24;;;
>EPI_ISL_158414|A/mallard/Sweden/105011/2009|A_/_H4N6;EPI_ISL_158414;A/mallard/Sweden/105011/2009;A / H4N6;Europe / Sweden;;;Anas platyrhynchos;2009-11-25;;;
>EPI_ISL_158415|A/mallard/Sweden/105012/2009|A_/_H4N6;EPI_ISL_158415;A/mallard/Sweden/105012/2009;A / H4N6;Europe / Sweden;;;Anas platyrhynchos;2009-11-25;;;
>EPI_ISL_158416|A/mallard/Sweden/105137/2009|A_/_H4N6;EPI_ISL_158416;A/mallard/Sweden/105137/2009;A / H4N6;Europe / Sweden;;;Anas platyrhynchos;2009-11-27;;;
>EPI_ISL_158417|A/mallard/Sweden/105516/2009|A_/_H4N6;EPI_ISL_158417;A/mallard/Sweden/105516/2009;A / H4N6;Europe / Sweden;;;Anas platyrhynchos;2009-12-02;;;
>EPI_ISL_158418|A/mallard/Sweden/124228/2010|A_/_H4N6;EPI_ISL_158418;A/mallard/Sweden/124228/2010;A / H4N6;Europe / Sweden;;;Anas platyrhynchos;2010-11-01;;;
>EPI_ISL_158419|A/mallard/Sweden/124418/2010|A_/_H4N6;EPI_ISL_158419;A/mallard/Sweden/124418/2010;A / H4N6;Europe / Sweden;;;Anas platyrhynchos;2010-11-03;;;
>EPI_ISL_158420|A/mallard/Sweden/102250/2009|A_/_H4N6;EPI_ISL_158420;A/mallard/Sweden/102250/2009;A / H4N6;Europe / Sweden;;;Anas platyrhynchos;2009-11-19;;;
>EPI_ISL_158422|A/mallard/Sweden/104690/2009|A_/_H4N6;EPI_ISL_158422;A/mallard/Sweden/104690/2009;A / H4N6;Europe / Sweden;;;Anas platyrhynchos;2009-11-21;;;
>EPI_ISL_160999|A/ruddy_shelduck/Mongolia/598C2/2009|A_/_H7N3;EPI_ISL_160999;A/ruddy_shelduck/Mongolia/598C2/2009;A / H7N3;Asia / Mongolia;;;Tadorna feruginea;2009-07-29;;;
>EPI_ISL_16253342|A/Eurasian_Wigeon/Netherlands/6/2022|A_/_H5N2;EPI_ISL_16253342;A/Eurasian_Wigeon/Netherlands/6/2022;A / H5N2;Europe / Netherlands / Eendenkooi Stolwijk;;;Avian;2022-11-23;;;
>EPI_ISL_165788|A/duck/Bangladesh/1687/2010|A_/_H1N1;EPI_ISL_165788;A/duck/Bangladesh/1687/2010;A / H1N1;Asia / Bangladesh;;;Avian;2010-07-16;;;
>EPI_ISL_165789|A/duck/Bangladesh/1352/2009|A_/_H1N1;EPI_ISL_165789;A/duck/Bangladesh/1352/2009;A / H1N1;Asia / Bangladesh;;;Avian;2009-01-28;;;
>EPI_ISL_165791|A/duck/Bangladesh/31687/2010|A_/_H1N1;EPI_ISL_165791;A/duck/Bangladesh/31687/2010;A / H1N1;Asia / Bangladesh;;;Avian;2010-07-11;;;
>EPI_ISL_165792|A/duck/Bangladesh/1584/2010|A_/_H1N3;EPI_ISL_165792;A/duck/Bangladesh/1584/2010;A / H1N3;Asia / Bangladesh;;;Avian;2010-01-20;;;
>EPI_ISL_165805|A/duck/Bangladesh/1521/2009|A_/_H4N6;EPI_ISL_165805;A/duck/Bangladesh/1521/2009;A / H4N6;Asia / Bangladesh;;;Avian;2009-10-21;;;
>EPI_ISL_165808|A/duck/Bangladesh/1559/2009|A_/_H5N2;EPI_ISL_165808;A/duck/Bangladesh/1559/2009;A / H5N2;Asia / Bangladesh;;;Avian;2009-12-18;;;
>EPI_ISL_165811|A/environment/Bangladesh/1008/2010|A_/_H7N9;EPI_ISL_165811;A/environment/Bangladesh/1008/2010;A / H7N9;Asia / Bangladesh;;;Environment;2010-09-23;;;
>EPI_ISL_166971|A/harbour_seal/Germany/1/2014|A_/_H10N7;EPI_ISL_166971;A/harbour_seal/Germany/1/2014;A / H10N7;Europe / Germany / Schleswig-Holstein / Helgoland;;;Seal;2014-10-07;;;
>EPI_ISL_167226|A/Seal/Sweden/SVA0546/2014|A_/_H10N7;EPI_ISL_167226;A/Seal/Sweden/SVA0546/2014_;A / H10N7;Europe / Sweden / Hallands Lan / Kungsbacka Kommun / Gate Klova, Halland-WGS84 g/m/s//N-57° 26′ 58,64″//E-11° 49′ 56,38″;;;Seal;2014-04-16;;;
>EPI_ISL_170566|A/harbour_seal/Germany/1/2014|A_/_H10N7;EPI_ISL_170566;A/harbour_seal/Germany/1/2014;A / H10N7;Europe / Germany / Schleswig-Holstein;;;Seal;2014-10-07;;;
>EPI_ISL_171721|A/chicken/England/2830/2015|A_/_H7N7;EPI_ISL_171721;A/chicken/England/2830/2015;A / H7N7;Europe / United Kingdom / Hampshire;;;Chicken;2015-01-30;;;
>EPI_ISL_17347344|A/Anas_platyrhynchos/Belgium/00330_0004/2023|A_/_H3N8;EPI_ISL_17347344;A/Anas_platyrhynchos/Belgium/00330_0004/2023;A / H3N8;Europe / Belgium / Province de Liege / Hollogne sur Geer;;;Mallard;2023-01-11;;;
>EPI_ISL_176811|A/Chicken/NL-Zeewolde/13003983/2013|A_/_H7N7;EPI_ISL_176811;A/Chicken/NL-Zeewolde/13003983/2013;A / H7N7;Europe / Netherlands / Provincie Flevoland / Gemeente Zeewolde;;;Gallus gallus;2013-03-18;;;
>EPI_ISL_176812|A/Chicken/NL-Zeewolde/13003983/2013|A_/_H7N7;EPI_ISL_176812;A/Chicken/NL-Zeewolde/13003983/2013;A / H7N7;Europe / Netherlands / Provincie Flevoland / Gemeente Zeewolde;;;Gallus gallus;2013-03-18;;;
>EPI_ISL_176815|A/chicken/NL-Uithuizermeeden/14004070/2014|A_/_H9N1;EPI_ISL_176815;A/chicken/NL-Uithuizermeeden/14004070/2014_;A / H9N1;Europe / Netherlands / Provincie Groningen / Eemsmond / Uithuizermeeden/;;;Gallus gallus;2014-03-26;;;
>EPI_ISL_177495|A/duck/Hunan/S3137/2009|A_/_H10N8;EPI_ISL_177495;A/duck/Hunan/S3137/2009;A / H10N8;Asia / China;;;Duck;2009-09-24;;;
>EPI_ISL_177497|A/duck/Hunan/S4280/2009|A_/_H10N8;EPI_ISL_177497;A/duck/Hunan/S4280/2009;A / H10N8;Asia / China;;;Duck;2009-12-09;;;
>EPI_ISL_179385|A/duck/Vietnam/LBM798/2014|A_/_H3N6;EPI_ISL_179385;A/duck/Vietnam/LBM798/2014;A / H3N6;Asia / Vietnam;;;Anas platyrhynchos;2014-12-04;;;
>EPI_ISL_17978925|A/mallard/Poland/P077w1/2018|A_/_H5N2;EPI_ISL_17978925;A/mallard/Poland/P077w1/2018;A / H5N2;Europe / Poland / Warmian-Masurian Voivedeship / Braniewo;;;Mallard duck;2018-09-12;;;
>EPI_ISL_17978951|A/mallard/Poland/P096/2020|A_/_H9N2;EPI_ISL_17978951;A/mallard/Poland/P096/2020;A / H9N2;Europe / Poland / Warmian-Masurian Voivedeship / Olsztyn;;;Mallard duck;2020-11-02;;;
>EPI_ISL_181123|A/duck/Vietnam/LBM559/2013|A_/_H3N2;EPI_ISL_181123;A/duck/Vietnam/LBM559/2013;A / H3N2;Asia / Vietnam;;;Anas platyrhynchos;2013-12-10;;;
>EPI_ISL_181970|A/duck/Jiangxi/24570/2009|A;EPI_ISL_181970;A/duck/Jiangxi/24570/2009;A;Asia / China;;;Duck;2009-12-06;;;
>EPI_ISL_18245819|A/swan/Poland/MB152/2022|A_/_H2N3;EPI_ISL_18245819;A/swan/Poland/MB152/2022;A / H2N3;Europe / Poland / Masovian Voivodeship / Białobrzegi;;;Swan;2022-07-15;;;
>EPI_ISL_18284471|A/chicken/Niigata/22A13T/2022|A_/_H5N1;EPI_ISL_18284471;A/chicken/Niigata/22A13T/2022;A / H5N1;Asia / Japan;;;Chicken;2022-11-18;;;
>EPI_ISL_18458721|A/greylag_goose/Germany-HE/2018AR230-AK3822/2018|A_/_H5N2;EPI_ISL_18458721;A/greylag_goose/Germany-HE/2018AR230-AK3822/2018;A / H5N2;Europe / Germany;;;Avian;2018-04-17;;;
>EPI_ISL_18463194|A/wild_duck/Germany-NW/2023AI07895/2023|A_/_H3N8;EPI_ISL_18463194;A/wild_duck/Germany-NW/2023AI07895/2023;A / H3N8;Europe / Germany;;;Avian;2023-10-10;;;
>EPI_ISL_18537218|A/Mallard/Netherlands/96/2019|A_/_H5N3;EPI_ISL_18537218;A/Mallard/Netherlands/96/2019;A / H5N3;Europe / Netherlands / Oud-Alblas;;;Avian;2019-12-09;;;
>EPI_ISL_18593866|A/Chicken/Netherlands/23025569-021/2023|A_/_H7N3;EPI_ISL_18593866;A/Chicken/Netherlands/23025569-021/2023;A / H7N3;Europe / Netherlands / Provincie Friesland;;;Gallus gallus;2023-11-29;;;
>EPI_ISL_18607170|A/Gallus_gallus/Belgium/11307_0002/2023|A_/_H5N1;EPI_ISL_18607170;A/Gallus_gallus/Belgium/11307_0002/2023;A / H5N1;"Europe / Belgium / Provincie West-Vlaanderen / Esen / 51.01162 ; 2.92029";51,01162;2,92029;Gallus gallus;2023-11-30;;Dead;Domestic
>EPI_ISL_18634820|A/mallard_duck/Austria/23158198-001/2023|A_/_H3N8;EPI_ISL_18634820;A/mallard_duck/Austria/23158198-001/2023;A / H3N8;Europe / Austria / Lower Austria / Amstetten;;;Mallard duck;2023-11-30;;;
>EPI_ISL_18660621|A/Mallard/Netherlands/8/2023|A_/_H5N3;EPI_ISL_18660621;A/Mallard/Netherlands/8/2023;A / H5N3;Europe / Netherlands / Oud-Alblas;;;Avian;2023-11-02;;;
>EPI_ISL_18660931|A/barnacle_goose/Sweden/SVA231201SZ0276/FB004873/K-2023|A_/_H5N1;EPI_ISL_18660931;A/barnacle_goose/Sweden/SVA231201SZ0276/FB004873/K-2023;A / H5N1;Europe / Sweden / Blekinge Lan / Solvesborgs Kommun;56,053038;14,583538;Branta leucopsis;2023-11-24;Oro-pharyngeal swab;Dead;Wild
>EPI_ISL_18668242|A/Gallus_gallus/Belgium/11632_0003/2023|A_/_H5N1;EPI_ISL_18668242;A/Gallus_gallus/Belgium/11632_0003/2023;A / H5N1;"Europe / Belgium / Provincie West-Vlaanderen / Esen / 51.00938 ; 2.91574";51,00938;2,91574;Gallus gallus;2023-12-08;;Dead;Domestic
>EPI_ISL_18745069|A/barnacle_goose/Germany-SH/2023AI08822/2023|A_/_H5N1;EPI_ISL_18745069;A/barnacle_goose/Germany-SH/2023AI08822/2023|H5N1|2023-11-03;A / H5N1;Europe / Germany;54,849536;8,61517;;2023-11-03;;;
>EPI_ISL_18745071|A/chicken/Germany-NI/2023AI08838/2023|A_/_H5N1;EPI_ISL_18745071;A/chicken/Germany-NI/2023AI08838/2023;A / H5N1;Europe / Germany;53,74;8,61;Gallus gallus domesticus;2023-11-17;;;
>EPI_ISL_18745073|A/turkey/Germany-MV/2023AI08844/2023|A_/_H5N1;EPI_ISL_18745073;A/turkey/Germany-MV/2023AI08844/2023;A / H5N1;Europe / Germany;53,46;11,7;Meleagris gallopavo domesticus;2023-11-20;;;
>EPI_ISL_18745078|A/turkey/Germany-BB/2023AI09073/2023|A_/_H5N1;EPI_ISL_18745078;A/turkey/Germany-BB/2023AI09073/2023;A / H5N1;Europe / Germany;52,86;12,31;Meleagris gallopavo domesticus;2023-11-28;;;
>EPI_ISL_18745079|A/peregrine_falcon/Germany-HH/2023AI09076/2023|A_/_H5N1;EPI_ISL_18745079;A/peregrine_falcon/Germany-HH/2023AI09076/2023|H5N1|2023-11-27;A / H5N1;Europe / Germany;53,5117;10,086799;;2023-11-27;;;
>EPI_ISL_18745084|A/domestic_goose/Germany-MV/2023AI09159/2023|A_/_H5N1;EPI_ISL_18745084;A/domestic_goose/Germany-MV/2023AI09159/2023;A / H5N1;Europe / Germany;53,83;10,98;Anatidae;2023-12-05;;;
>EPI_ISL_18788080|A/turkey/Poland/H542-NM/2023|A_/_H5N1;EPI_ISL_18788080;A/turkey/Poland/H542-NM/2023;A / H5N1;"Europe / Poland / West Pomeranian Voivodeship/Goleniowski region/Ininka 6/53°33'33.5""N 14°45'32.9""E";53,559306;14,759139;Meleagris gallopavo;2023-12-06;Organ;Dead;Domestic
>EPI_ISL_18789928|A/barnacle_goose/Sweden/SVA231221SZ0336_/FB005040/K-2023|A_/_H5N1;EPI_ISL_18789928;A/barnacle_goose/Sweden/SVA231221SZ0336_/FB005040/K-2023;A / H5N1;Europe / Sweden / Blekinge Lan / Karlshamns Kommun;56,192554;14,949924;Branta leucopsis;2023-12-18;Oro-pharyngeal swab;Dead;Wild
>EPI_ISL_18789944|A/barnacle_goose/Sweden/SVA231221SZ0336_/FB005041/K-2023|A_/_H5N1;EPI_ISL_18789944;A/barnacle_goose/Sweden/SVA231221SZ0336_/FB005041/K-2023;A / H5N1;Europe / Sweden / Blekinge Lan / Karlshamns Kommun;56,205166;14,833625;Branta leucopsis;2023-12-18;Oro-pharyngeal swab;Dead;Wild
>EPI_ISL_18815362|A/Turkey/Sweden/SVA240116SZ0719/FB010937/M-2024|A_/_H5N1;EPI_ISL_18815362;A/Turkey/Sweden/SVA240116SZ0719/FB010937/M-2024;A / H5N1;Europe / Sweden / Skane Lan / Ystads Kommun;55,447817;14,072587;Meleagris gallopavo;2024-01-15;Oro-pharyngeal swab;Dead;Domestic
>EPI_ISL_18815363|A/Turkey/Sweden/SVA240116SZ0719/FB010938/M-2024|A_/_H5N1;EPI_ISL_18815363;A/Turkey/Sweden/SVA240116SZ0719/FB010938/M-2024;A / H5N1;Europe / Sweden / Skane Lan / Ystads Kommun;55,447817;14,072587;Meleagris gallopavo;2024-01-15;Oro-pharyngeal swab;Dead;Domestic
>EPI_ISL_18824085|A/Canada_Goose/England/142157/2023|A_/_H5N1;EPI_ISL_18824085;A/Canada_Goose/England/142157/2023;A / H5N1;Europe / United Kingdom / England / West Sussex;50,866843 ;-0,54515437;Branta canadensis;2023-12-28;;;
>EPI_ISL_18824201|A/greylag_goose/France/24P000660/2024|A_/_H5N1;EPI_ISL_18824201;A/greylag_goose/France/24P000660/2024;A / H5N1;Europe / France;45,95265771819387;5,025777339;Greylag goose;2024-01-07;;Dead;Wild
>EPI_ISL_18862255|A/Bean_goose/Germany-BE/2023AI09307/2023|A_/_H5N1;EPI_ISL_18862255;A/Bean_goose/Germany-BE/2023AI09307/2023;A / H5N1;Europe / Germany;52,570482;13,244963;Anser fabalis;2023-12-06;;;
>EPI_ISL_18862256|A/domestic_duck/Germany-NI/2023AI09491/2023|A_/_H5N1;EPI_ISL_18862256;A/domestic_duck/Germany-NI/2023AI09491/2023|H5N1|2023-12-21;A / H5N1;Europe / Germany;53,54;7,71;;2023-12-21;;;
>EPI_ISL_18862257|A/Common_Crane/Germany-TH/2023AI09495/2023|A_/_H5N1;EPI_ISL_18862257;A/Common_Crane/Germany-TH/2023AI09495/2023;A / H5N1;Europe / Germany;51,377154;10,877466;Grus grus;2023-12-18;;;
>EPI_ISL_18862258|A/Common_Kestrel/Germany-NW/2023AI09478/2023|A_/_H5N1;EPI_ISL_18862258;A/Common_Kestrel/Germany-NW/2023AI09478/2023;A / H5N1;Europe / Germany;52,291088;8,914882;Falco tinnunculus;2023-12-18;;;
>EPI_ISL_18862259|A/chicken/Germany-SH/2023AI09451/2023|A_/_H5N1;EPI_ISL_18862259;A/chicken/Germany-SH/2023AI09451/2023;A / H5N1;Europe / Germany;54,27;10,69;Gallus gallus domesticus;2023-12-19;;;
>EPI_ISL_18862260|A/chicken/Germany-ST/2023AI09470/2023|A_/_H5N1;EPI_ISL_18862260;A/chicken/Germany-ST/2023AI09470/2023;A / H5N1;Europe / Germany;51,9;11,81;Gallus gallus domesticus;2023-12-19;;;
>EPI_ISL_18862261|A/Black-necked_Swan/Germany-BB/2023AI09499/2023|A_/_H5N1;EPI_ISL_18862261;A/Black-necked_Swan/Germany-BB/2023AI09499/2023;A / H5N1;Europe / Germany;51,743117;14,347694;Cygnus melancoryphus;2023-12-30;;;
>EPI_ISL_18862262|A/Canada_Goose/Germany-TH/2024AI00032/2023|A_/_H5N1;EPI_ISL_18862262;A/Canada_Goose/Germany-TH/2024AI00032/2023|H5N1|2023-12-27;A / H5N1;Europe / Germany;50,303075;11,172894;;2023-12-27;;;
>EPI_ISL_18862264|A/domestic_duck/Germany-MV/2024AI00098/2024|A_/_H5N1;EPI_ISL_18862264;A/domestic_duck/Germany-MV/2024AI00098/2024|H5N1|2024-01-02;A / H5N1;Europe / Germany;54,3;13,08;;2024-01-02;;;
>EPI_ISL_18862265|A/chicken/Germany-MV/2024AI00101/2024|A_/_H5N1;EPI_ISL_18862265;A/chicken/Germany-MV/2024AI00101/2024;A / H5N1;Europe / Germany;54,28;13,28;Gallus gallus domesticus;2024-01-03;;;
>EPI_ISL_18866885|A/mallard/Sweden/SVA240117SZ0347/FB000141/M-2024|A_/_H5N1;EPI_ISL_18866885;A/mallard/Sweden/SVA240117SZ0347/FB000141/AB-2024;A / H5N1;Europe / Sweden / Stockholms Lan / Nacka Kommun;59,299875667170156;18,15105932;Mallard;2024-01-10;Oro-pharyngeal swab;Dead;Wild
>EPI_ISL_18885828|A/chicken/Poland/H22-T2/2024|A_/_H5N1;EPI_ISL_18885828;A/chicken/Poland/H22-T2/2024;A / H5N1;"Europe / Poland / Greater Poland Voivodeship/szamotulski region/Piaskowo 30A/52°34'34.8""N 16°35'43.1""E";52,576333;16,595306;Gallus gallus domesticus;2024-01-27;Oro-pharyngeal swab;Sick;Domestic
>EPI_ISL_18885854|A/turkey/Poland/H36-T3/2024|A_/_H5N1;EPI_ISL_18885854;A/turkey/Poland/H36-T3/2024;A / H5N1;"Europe / Poland / Greater Poland Voivodeship/miedzychodzki region/Daleszynek 33/52°32'46.0""N 16°08'38.6""E";52,546111;16,144056;Meleagris gallopavo;2024-02-05;Oro-pharyngeal swab;Sick;Domestic
>EPI_ISL_18885855|A/mute_swan/Poland/MB021-N/2024|A_/_H5N1;EPI_ISL_18885855;A/mute_swan/Poland/MB021-N/2024;A / H5N1;"Europe / Poland / Lower Silesian Voivodeship/Jelenia Gora/50°53'19.4""N 15°44'15.7""E";50,888722;15,737694;Cygnus olor;2024-01-09;Organ;Dead;Wild
>EPI_ISL_18918472|A/Muteswan/Sweden/SVA240202SZ0099/FB000320/AB-2024|A_/_H5N1;EPI_ISL_18918472;A/Muteswan/Sweden/SVA240202SZ0099/FB000320/AB-2024;A / H5N1;Europe / Sweden / Stockholms Lan / Stockholms Kommun;59,325776536570885;18,01007853;Cygnus olor;2024-01-30;Oro-pharyngeal swab;Sick;Wild
>EPI_ISL_18918493|A/Muteswan/Sweden/SVA240202SZ128/FB000337/AB-2024|A_/_H5N1;EPI_ISL_18918493;A/Muteswan/Sweden/SVA240202SZ128/FB000337/AB-2024;A / H5N1;Europe / Sweden / Stockholms Lan / Stockholms Kommun;59,325776536570885;18,01007853;Cygnus olor;2024-01-30;Oro-pharyngeal swab;Sick;Wild
>EPI_ISL_18918508|A/Muteswan/Sweden/SVA240202SZ128/FB000338/AB-2024|A_/_H5N1;EPI_ISL_18918508;A/Muteswan/Sweden/SVA240202SZ128/FB000338/AB-2024;A / H5N1;Europe / Sweden / Stockholms Lan / Stockholms Kommun;59,325776536570885;18,01007853;Cygnus olor;2024-01-30;Oro-pharyngeal swab;Sick;Wild
>EPI_ISL_18918527|A/Muteswan/Sweden/SVA240202SZ128/FB000344/AB-2024|A_/_H5N1;EPI_ISL_18918527;A/Muteswan/Sweden/SVA240202SZ128/FB000344/AB-2024;A / H5N1;Europe / Sweden / Stockholms Lan / Stockholms Kommun;59,325776536570885;18,01007853;Cygnus olor;2024-01-30;Oro-pharyngeal swab;Sick;Wild
>EPI_ISL_18918529|A/Muteswan/Sweden/SVA240202SZ128/FB000345/AB-2024|A_/_H5N1;EPI_ISL_18918529;A/Muteswan/Sweden/SVA240202SZ128/FB000345/AB-2024;A / H5N1;Europe / Sweden / Stockholms Lan / Stockholms Kommun;59,325776536570885;18,01007853;Cygnus olor;2024-01-30;Oro-pharyngeal swab;Sick;Wild
>EPI_ISL_189340|A/mallard/Sweden/101165/2009|A_/_H8N4;EPI_ISL_189340;A/mallard/Sweden/101165/2009;A / H8N4;Europe / Sweden;;;Anas platyrhynchos;2009-11-05;;;
>EPI_ISL_189341|A/mallard/Sweden/223/2002|A_/_H10N2;EPI_ISL_189341;A/mallard/Sweden/223/2002;A / H10N2;Europe / Sweden;;;Anas platyrhynchos;2002-10-24;;;
>EPI_ISL_189342|A/mallard/Sweden/737/2002|A_/_H10N2;EPI_ISL_189342;A/mallard/Sweden/737/2002;A / H10N2;Europe / Sweden;;;Anas platyrhynchos;2002-11-12;;;
>EPI_ISL_189346|A/mallard/Sweden/831/2002|A_/_H10N2;EPI_ISL_189346;A/mallard/Sweden/831/2002;A / H10N2;Europe / Sweden;;;Anas platyrhynchos;2002-11-14;;;
>EPI_ISL_189350|A/mallard/Sweden/4258/2004|A_/_H10N4;EPI_ISL_189350;A/mallard/Sweden/4258/2004;A / H10N4;Europe / Sweden;;;Anas platyrhynchos;2004-05-31;;;
>EPI_ISL_18936333|A/teal/Italy/1821-10_22VIR4622-1/2021|A_/_H1N1;EPI_ISL_18936333;A/teal/Italy/1821-10_22VIR4622-1/2021;A / H1N1;Europe / Italy / Emilia-Romagna / Province of Bologna;;;Common teal;2021-10-15;;;
>EPI_ISL_18936443|A/teal/Italy/1828-6_22VIR4622-5/2021|A_/_H9N2;EPI_ISL_18936443;A/teal/Italy/1828-6_22VIR4622-5/2021;A / H9N2;Europe / Italy / Emilia-Romagna / Province of Bologna;;;Common teal;2021-10-25;;;
>EPI_ISL_18937337|A/fox/Germany-BW/2024AI00417/2024|A_/_H5N1;EPI_ISL_18937337;A/fox/Germany-BW/2024AI00417/2024;A / H5N1;Europe / Germany;;;Other mammals;2024-01-01;;;
>EPI_ISL_18937338|A/Great_Cormorant/Germany-SH/2024AI00580/2024|A_/_H5N1;EPI_ISL_18937338;A/Great_Cormorant/Germany-SH/2024AI00580/2024|H5N1|2024-01-15;A / H5N1;Europe / Germany;54,334644;10,225649;;2024-01-15;;;
>EPI_ISL_18937339|A/chicken/Germany-SH/2024AI00169/2024|A_/_H5N1;EPI_ISL_18937339;A/chicken/Germany-SH/2024AI00169/2024;A / H5N1;Europe / Germany;54,29;10,71;Gallus gallus domesticus;2024-01-09;;;
>EPI_ISL_18937340|A/turkey/Germany-BY/2024AI00164/2024|A_/_H5N1;EPI_ISL_18937340;A/turkey/Germany-BY/2024AI00164/2024;A / H5N1;Europe / Germany;48,65;10,39;Meleagris gallopavo domesticus;2024-01-06;;;
>EPI_ISL_18937342|A/wild_goose/Germany-NW/2024AI00581/2024|A_/_H5N1;EPI_ISL_18937342;A/wild_goose/Germany-NW/2024AI00581/2024;A / H5N1;Europe / Germany;51,669769;6,457009;Anatidae;2024-01-12;;;
>EPI_ISL_18937343|A/Barnacle_Goose/Germany-SH/2024AI00604/2024|A_/_H5N1;EPI_ISL_18937343;A/Barnacle_Goose/Germany-SH/2024AI00604/2024|H5N1|2024-01-22;A / H5N1;Europe / Germany;54,662155;9,602315;;2024-01-22;;;
>EPI_ISL_18937344|A/chicken/Germany-BB/2024AI00548/2024|A_/_H5N1;EPI_ISL_18937344;A/chicken/Germany-BB/2024AI00548/2024|H5N1|2024-01-16;A / H5N1;Europe / Germany;51,75;14,29;;2024-01-16;;;
>EPI_ISL_18937345|A/Barnacle_Goose/Germany-SH/2024AI00179/2024|A_/_H5N1;EPI_ISL_18937345;A/Barnacle_Goose/Germany-SH/2024AI00179/2024|H5N1|2024-01-02;A / H5N1;Europe / Germany;54,504863;9,710155;;2024-01-02;;;
>EPI_ISL_18937346|A/chicken/Germany-SH/2024AI00133/2024|A_/_H5N1;EPI_ISL_18937346;A/chicken/Germany-SH/2024AI00133/2024;A / H5N1;Europe / Germany;54,29;10,71;Gallus gallus domesticus;2024-01-04;;;
>EPI_ISL_18937347|A/egret/Germany-HE/2024AI01153/2024|A_/_H5N1;EPI_ISL_18937347;A/egret/Germany-HE/2024AI01153/2024;A / H5N1;Europe / Germany;51,153886;9,374213;Ardeidae;2024-02-07;;;
>EPI_ISL_18937348|A/Bean_goose/Germany-MV/2024AI01149/2024|A_/_H5N1;EPI_ISL_18937348;A/Bean_goose/Germany-MV/2024AI01149/2024|H5N1|2024-02-06;A / H5N1;Europe / Germany;53,576347;11,6418;;2024-02-06;;;
>EPI_ISL_18937349|A/Common_Buzzard/Germany-BW/2024AI01148/2024|A_/_H5N1;EPI_ISL_18937349;A/Common_Buzzard/Germany-BW/2024AI01148/2024|H5N1|2024-02-06;A / H5N1;Europe / Germany;48,525012;10,273668;;2024-02-06;;;
>EPI_ISL_18937350|A/Turkey/Germany-NW/2024AI01054/2024|A_/_H5N1;EPI_ISL_18937350;A/Turkey/Germany-NW/2024AI01054/2024;A / H5N1;Europe / Germany;50,958037;6,973232;Meleagris gallopavo domesticus;2024-02-09;;;
>EPI_ISL_18937351|A/Barnacle_Goose/Germany-SH/2024AI00941/2024|A_/_H5N1;EPI_ISL_18937351;A/Barnacle_Goose/Germany-SH/2024AI00941/2024|H5N1|2024-01-31;A / H5N1;Europe / Germany;54,428717;10,368497;;2024-01-31;;;
>EPI_ISL_18937352|A/chicken/Germany-HE/2024AI00792/2024|A_/_H5N1;EPI_ISL_18937352;A/chicken/Germany-HE/2024AI00792/2024;A / H5N1;Europe / Germany;51,23;9,45;Gallus gallus domesticus;2024-01-30;;;
>EPI_ISL_189392|A/mallard/Sweden/133546/2011|A_/_H10N4;EPI_ISL_189392;A/mallard/Sweden/133546/2011;A / H10N4;Europe / Sweden;;;Anas platyrhynchos;2011-11-23;;;
>EPI_ISL_189399|A/mallard/Sweden/60069/2007|A_/_H12N5;EPI_ISL_189399;A/mallard/Sweden/60069/2007;A / H12N5;Europe / Sweden;;;Anas platyrhynchos;2007-10-15;;;
>EPI_ISL_189401|A/mallard/Sweden/69794/2007|A_/_H12N5;EPI_ISL_189401;A/mallard/Sweden/69794/2007;A / H12N5;Europe / Sweden;;;Anas platyrhynchos;2007-11-12;;;
>EPI_ISL_189424|A/mallard/Sweden/101011/2009|A_/_H11N9;EPI_ISL_189424;A/mallard/Sweden/101011/2009;A / H11N9;Europe / Sweden;;;Anas platyrhynchos;2009-11-03;;;
>EPI_ISL_189426|A/mallard/Sweden/100878/2009|A_/_H11N9;EPI_ISL_189426;A/mallard/Sweden/100878/2009;A / H11N9;Europe / Sweden;;;Anas platyrhynchos;2009-11-01;;;
>EPI_ISL_189612|A/mallard/Sweden/1636/2002|A_/_H3N8;EPI_ISL_189612;A/mallard/Sweden/1636/2002;A / H3N8;Europe / Sweden;;;Anas platyrhynchos;2002-12-13;;;
>EPI_ISL_189688|A/garganey/Republic_of_Georgia/1/2011|A_/_H4N2;EPI_ISL_189688;A/garganey/Republic_of_Georgia/1/2011;A / H4N2;Asia / Georgia;;;Anas querquedula;2011-11-07;;;
>EPI_ISL_189713|A/mallard/Republic_of_Georgia/2/2012|A_/_H2N3;EPI_ISL_189713;A/mallard/Republic_of_Georgia/2/2012;A / H2N3;Asia / Georgia;;;Anas platyrhynchos;2012-01-29;;;
>EPI_ISL_189714|A/mallard/Republic_of_Georgia/14/2011|A_/_H10N7;EPI_ISL_189714;A/mallard/Republic_of_Georgia/14/2011;A / H10N7;Asia / Georgia;;;Anas platyrhynchos;2011-12-13;;;
>EPI_ISL_189721|A/mallard/Republic_of_Georgia/3/2010|A_/_H7N3;EPI_ISL_189721;A/mallard/Republic_of_Georgia/3/2010;A / H7N3;Asia / Georgia;;;Anas platyrhynchos;2010-02-03;;;
>EPI_ISL_189729|A/tufted_duck/Republic_of_Georgia/1/2012|A_/_H2N3;EPI_ISL_189729;A/tufted_duck/Republic_of_Georgia/1/2012;A / H2N3;Asia / Georgia;;;Aythya fuligula;2012-12-22;;;
>EPI_ISL_19000792|A/Canadagoose/Sweden/SVA240212SZ0129/FB000502/AB-2024|A_/_H5N1;EPI_ISL_19000792;A/Canadagoose/Sweden/SVA240212SZ0129/FB000502/AB-2024;A / H5N1;Europe / Sweden / Stockholms Lan / Stockholms Kommun;59,250002;18,030003;Branta canadensis;2024-02-06;Oro-pharyngeal swab;Dead;Wild
>EPI_ISL_19000795|A/Muteswan/Sweden/SVA240221SZ0306/FB000690/H-2024|A_/_H5N1;EPI_ISL_19000795;A/Muteswan/Sweden/SVA240221SZ0306/FB000690/H-2024;A / H5N1;Europe / Sweden / Kalmar Lan / Kalmar Kommun;56,656790;16,348262;Cygnus olor;2024-02-16;Oro-pharyngeal swab;Dead;Wild
>EPI_ISL_19014081|A/chicken/Germany-SN/2024AI01300/2024|A_/_H5N1;EPI_ISL_19014081;A/chicken/Germany-SN/2024AI01300/2024;A / H5N1;Europe / Germany;51,459338;13,183883;Gallus gallus domesticus;2024-02-27;;;
>EPI_ISL_19014084|A/Red_Knot/Germany-SH/2024AI01285/2024|A_/_H5N1;EPI_ISL_19014084;A/Red_Knot/Germany-SH/2024AI01285/2024;A / H5N1;Europe / Germany;;;Avian;2024-02-09;;;
>EPI_ISL_19014085|A/Red_Knot/Germany-SH/2024AI01295/2024|A_/_H5N1;EPI_ISL_19014085;A/Red_Knot/Germany-SH/2024AI01295/2024;A / H5N1;Europe / Germany;;;Avian;2024-02-21;;;
>EPI_ISL_19014086|A/swan/Germany-HE/2024AI01282/2024|A_/_H5N1;EPI_ISL_19014086;A/swan/Germany-HE/2024AI01282/2024;A / H5N1;Europe / Germany;51,312199;9,50451;Cygnus;2024-02-19;;;
>EPI_ISL_19030161|A/Red_Knot/Germany-SH/2024AI01485/2024|A_/_H5N8;EPI_ISL_19030161;A/Red_Knot/Germany-SH/2024AI01485/2024;A / H5N8;Europe / Germany;;;Avian;2024-02-22;;;
>EPI_ISL_19033337|A/chicken/Poland/H79-T2/2024|A_/_H5N1;EPI_ISL_19033337;A/chicken/Poland/H79-T2/2024;A / H5N1;"Europe / Poland / West Pomeranian Voivodeship/Koszalinski region/Bielkowo 42/54°18'52.2""N 16°17'54.2""E";54,314500;16,298389;Gallus gallus domesticus;2024-02-28;Oro-pharyngeal swab;Sick;Domestic
>EPI_ISL_19033339|A/buzzard/Poland/MB098-N/2024|A_/_H5N1;EPI_ISL_19033339;A/buzzard/Poland/MB098-N/2024;A / H5N1;"Europe / Poland / Greater Poland Voivodeship/Zlotowski region/Slawianowskie Wielkie Lake/53°15'13.1""N 17°05'59.0""E";53,253639;17,099722;Buteo buteo;2024-03-03;Organ;Dead;Wild
>EPI_ISL_19033340|A/buzzard/Poland/MB103-N/2024|A_/_H5N1;EPI_ISL_19033340;A/buzzard/Poland/MB103-N/2024;A / H5N1;"Europe / Poland / West Pomeranian Voivodeship/Slawienski region/Gleznowko/54°19'31.2""N 16°17'47.9""E";54,325333;16,296639;Buteo buteo;2024-03-04;Organ;Dead;Wild
>EPI_ISL_19033563|A/turkey/Poland/H543-NM/2023|A_/_H5N1;EPI_ISL_19033563;A/turkey/Poland/H543-NM/2023;A / H5N1;"Europe / Poland / West Pomeranian Voivodeship/Goleniowski region/Ininka 6/53°33'33.5""N 14°45'32.9""E";53,559306;14,759139;Meleagris gallopavo;2023-12-06;;;
>EPI_ISL_19047951|A/Red_Knot/Netherlands/1/2024|A_/_H5N1;EPI_ISL_19047951;A/Red_Knot/Netherlands/1/2024;A / H5N1;Europe / Netherlands / Leeuwarden, Julianapark;;;Avian;2024-03-11;;;
>EPI_ISL_19090717|A/Tyto_alba/Slovakia/Vh-2014/2023|A_/_H5N1;EPI_ISL_19090717;A/Tyto_alba/Slovakia/Vh-2014/2023 ;A / H5N1;Europe / Slovakia / Trenciansky Kraj / Precin;49,0839908;18,5388761;Tyto alba;2023-12-15;;Dead;captive
>EPI_ISL_191604|A/chicken/England/26352/2015|A_/_H7N7;EPI_ISL_191604;A/chicken/England/26352/2015;A / H7N7;Europe / United Kingdom / Lancashire / Preston;;;Chicken;2015-07-09;;;
>EPI_ISL_191724|Recombinant_A/chicken/Italy/473/1999|A_/_H7N1;EPI_ISL_191724;Recombinant_A/chicken/Italy/473/1999;A / H7N1;Europe / Italy;;;Gallus gallus;1999;;;
>EPI_ISL_192665|A/Chicken/NL-Barneveld/15004745-001-005/2015|A_/_H7N7;EPI_ISL_192665;A/Chicken/NL-Barneveld/15004745-001-005/2015;A / H7N7;Europe / Netherlands / Provincie Gelderland / Gemeente Barneveld;;;Gallus gallus;2015-03-11;;;
>EPI_ISL_192666|A/chicken/NL-Barneveld/15004745-006-010/2015|A_/_H7N7;EPI_ISL_192666;A/chicken/NL-Barneveld/15004745-006-010/2015;A / H7N7;Europe / Netherlands / Provincie Gelderland / Gemeente Barneveld;;;Chicken;2015-03-11;;;
>EPI_ISL_1977|A/turkey/Italy/4603/1999|A_/_H7N1;EPI_ISL_1977;A/turkey/Italy/4603/1999;A / H7N1;Europe / Italy / Lombardy;;;Turkey;1999;;;
>EPI_ISL_197754|Recombinant_A/chicken/Italy/445/1999|A_/_H7N1;EPI_ISL_197754;Recombinant_A/chicken/Italy/445/1999;A / H7N1;Europe / Italy;;;Gallus gallus;1998-11-30;;;
>EPI_ISL_202005|A/harbor_seal/NL/PV14-221_Ts/2015|A_/_H10N7;EPI_ISL_202005;A/harbor_seal/NL/PV14-221_Ts/2015;A / H10N7;Europe / Netherlands;;;Seal;2015-01-12;;;
>EPI_ISL_205110|A/chicken/Wuhan/WHJF/2014|A_/_H5N2;EPI_ISL_205110;A/chicken/Wuhan/WHJF/2014;A / H5N2;Asia / China;;;Chicken;2014-12;;;
>EPI_ISL_205133|A/duck/Wuhan/WHYF05/2014|A_/_H9N2;EPI_ISL_205133;A/duck/Wuhan/WHYF05/2014;A / H9N2;Asia / China;;;Duck;2014-12;;;
>EPI_ISL_206811|A/chicken/Hunan/S1248/2010|A_/_H4N6;EPI_ISL_206811;A/chicken/Hunan/S1248/2010;A / H4N6;Asia / China;;;Chicken;2010-03-03;;;
>EPI_ISL_206812|A/chicken/Hunan/S1267/2010|A_/_H4N6;EPI_ISL_206812;A/chicken/Hunan/S1267/2010;A / H4N6;Asia / China;;;Chicken;2010-03-03;;;
>EPI_ISL_206835|A/duck/Jiangsu/S2447/2011|A_/_H4N6;EPI_ISL_206835;A/duck/Jiangsu/S2447/2011;A / H4N6;Asia / China;;;Duck;2011-06-03;;;
>EPI_ISL_206845|A/goose/Jiangsu/S2433/2011|A_/_H4N6;EPI_ISL_206845;A/goose/Jiangsu/S2433/2011;A / H4N6;Asia / China;;;Goose;2011-06-10;;;
>EPI_ISL_208941|A/duck/Jiangxi/7554/2007|A_/_H9N2;EPI_ISL_208941;A/duck/Jiangxi/7554/2007;A / H9N2;Asia / China;;;Duck;2007-12-28;;;
>EPI_ISL_21002|A/turkey/Italy/4580/99|A_/_H7N1;EPI_ISL_21002;A/turkey/Italy/4580/99;A / H7N1;Europe / Italy;;;Turkey;1999;;;
>EPI_ISL_21008|A/turkey/Italy/977/99|A_/_H7N1;EPI_ISL_21008;A/turkey/Italy/977/99;A / H7N1;Europe / Italy;;;Turkey;1999;;;
>EPI_ISL_21013|A/turkey/Italy/3560/99|A_/_H7N1;EPI_ISL_21013;A/turkey/Italy/3560/99;A / H7N1;Europe / Italy;;;Turkey;1999-09-27;;;
>EPI_ISL_21015|A/turkey/Italy/1265/99|A_/_H7N1;EPI_ISL_21015;A/turkey/Italy/1265/99;A / H7N1;Europe / Italy;;;Turkey;1999-04-10;;;
>EPI_ISL_212418|A/Mallard/Hubei/chenhu_VI102/2015_H1N8|A_/_H1N8;EPI_ISL_212418;A/Mallard/Hubei/chenhu_VI102/2015_H1N8;A / H1N8;Asia / China / Hubei Province / wuhan;;;Anas platyrhynchos;2015-02-05;;;
>EPI_ISL_212426|A/Bean_Goose/Hubei/chenhu_VIII10/2015_H11N8|A_/_H11N8;EPI_ISL_212426;A/Bean_Goose/Hubei/chenhu_VIII10/2015_H11N8;A / H11N8;Asia / China / Hubei Province / wuhan;;;Anser fabalis;2015-03-09;;;
>EPI_ISL_212427|A/Bean_Goose/Hubei/chenhu_VIII49/2015|A_/_H11N8;EPI_ISL_212427;A/Bean_Goose/Hubei/chenhu_VIII49/2015_H11N8_;A / H11N8;Asia / China / Hubei Province / wuhan;;;Anser fabalis;2015-03-09;;;
>EPI_ISL_213839|A/Anas_platyrhynchos/Belgium/23852cls33/2012|A_/_H7N7;EPI_ISL_213839;A/Anas_platyrhynchos/Belgium/23852cls33/2012;A / H7N7;Europe / Belgium;;;Anas platyrhynchos;2012-09-12;;;
>EPI_ISL_216877|A/mallard/Novomyhalivka/10-23-12/2010|A_/_H7N7;EPI_ISL_216877;A/mallard/Novomyhalivka/10-23-12/2010;A / H7N7;Europe / Ukraine;;;Anas platyrhynchos;2010-12-23;;;
>EPI_ISL_216878|A/mallard/Nizhnegorsk/3-06-10/2010|A_/_H7N7;EPI_ISL_216878;A/mallard/Nizhnegorsk/3-06-10/2010;A / H7N7;Europe / Ukraine;;;Anas platyrhynchos;2010-10-06;;;
>EPI_ISL_216879|A/mallard/Askania-Nova/39-15-02/2011|A_/_H7N7;EPI_ISL_216879;A/mallard/Askania-Nova/39-15-02/2011;A / H7N7;Europe / Ukraine;;;Anas platyrhynchos;2011-02-15;;;
>EPI_ISL_217879|A/Bean_Goose/Hubei/chenhu__XVI311-2_/2016_H5N8|A_/_H5N8;EPI_ISL_217879;A/Bean_Goose/Hubei/chenhu__XVI311-2_/2016_H5N8;A / H5N8;Asia / China / Hubei Province;;;Anser fabalis;2016-02-26;;;
>EPI_ISL_217938|A/Anser_cygnoides/Hubei/Chenhu1228/2014_H7N7|A_/_H7N7;EPI_ISL_217938;A/Anser_cygnoides/Hubei/Chenhu1228/2014_H7N7;A / H7N7;Asia / China / Hubei Province;;;Anser cygnoides;2014-02-26;;;
>EPI_ISL_220507|A/duck/Hokkaido/W9/2015|A_/_H1N1;EPI_ISL_220507;A/duck/Hokkaido/W9/2015;A / H1N1;Asia / Japan / Hokkaido;;;Anas platyrhynchos;2015-09-30;;;
>EPI_ISL_224260|A/turkey/Germany/R534/2013|A_/_H7N7;EPI_ISL_224260;A/turkey/Germany/R534/2013;A / H7N7;Europe / Germany;;;Turkey;2013;;;
>EPI_ISL_224261|A/turkey/Germany/R11/2001(H7N7)|A_/_H7N7;EPI_ISL_224261;A/turkey/Germany/R11/2001(H7N7);A / H7N7;Europe / Germany;;;Turkey;2001;;;
>EPI_ISL_231648|A/teal/Chany_Lake/104_cloaca/2012|A_/_H4N6;EPI_ISL_231648;A/teal/Chany_Lake/104_cloaca/2012;A / H4N6;Europe / Russian Federation / Novosibirsk Oblast;;;Duck;2012-08-26;;;
>EPI_ISL_234402|A/common_teal/Poland/80/2012|A_/_H5N3;EPI_ISL_234402;A/common_teal/Poland/80/2012;A / H5N3;Europe / Poland / Lodz Voivodeship;;;Anas crecca;2012-09-02;;;
>EPI_ISL_234403|A/mallard/Poland/76/2013|A_/_H5N3;EPI_ISL_234403;A/mallard/Poland/76/2013;A / H5N3;Europe / Poland / West Pomeranian Voivodeship;;;Anas platyrhynchos;2013-08-28;;;
>EPI_ISL_234404|A/mute_swan/Poland/86-1/2013|A_/_H5N3;EPI_ISL_234404;A/mute_swan/Poland/86-1/2013;A / H5N3;Europe / Poland / Lodz Voivodeship;;;Cygnus olor;2013-09-15;;;
>EPI_ISL_234406|A/mallard/Poland/96/2013|A_/_H5N3;EPI_ISL_234406;A/mallard/Poland/96/2013;A / H5N3;Europe / Poland / Pomeranian Voivodeship;;;Anas platyrhynchos;2013-10-26;;;
>EPI_ISL_234407|A/mallard/Poland/10/2014|A_/_H5N3;EPI_ISL_234407;A/mallard/Poland/10/2014;A / H5N3;Europe / Poland / Warmian-Masurian Voivedeship;;;Anas platyrhynchos;2014-01-18;;;
>EPI_ISL_234408|A/mallard/Poland/141/2015|A_/_H5N1;EPI_ISL_234408;A/mallard/Poland/141/2015;A / H5N1;Europe / Poland / Pomeranian Voivodeship;;;Anas platyrhynchos;2015-11-26;;;
>EPI_ISL_234423|A/environment/Korea/W437/2012|A_/_H7N7;EPI_ISL_234423;A/environment/Korea/W437/2012;A / H7N7;Asia / South Korea;;;Environment;2012-12-31;;;
>EPI_ISL_237128|A/duck/Shimane/321101/2015|A_/_H3N8;EPI_ISL_237128;A/duck/Shimane/321101/2015;A / H3N8;Asia / Japan;;;Duck;2015-11;;;
>EPI_ISL_237129|A/duck/Tottori/311217/2014|A_/_H11N9;EPI_ISL_237129;A/duck/Tottori/311217/2014;A / H11N9;Asia / Japan;;;Duck;2014-12;;;
>EPI_ISL_237147|A/duck/Kagoshima/461213/2013|A_/_H4N6;EPI_ISL_237147;A/duck/Kagoshima/461213/2013;A / H4N6;Asia / Japan;;;Duck;2013-12;;;
>EPI_ISL_237148|A/duck/Okinawa/471017/2015|A_/_H4N6;EPI_ISL_237148;A/duck/Okinawa/471017/2015;A / H4N6;Asia / Japan;;;Duck;2015-10;;;
>EPI_ISL_237176|A/duck/Kagoshima/461219/2013|A_/_H4N6;EPI_ISL_237176;A/duck/Kagoshima/461219/2013;A / H4N6;Asia / Japan;;;Duck;2013-12;;;
>EPI_ISL_237791|A/mallard/Germany/439/2004|A_/_H3N2;EPI_ISL_237791;A/mallard/Germany/439/2004;A / H3N2;Europe / Germany / Mecklenburg-Vorpommern;;;Anas platyrhynchos;2004-01-01;;;
>EPI_ISL_239393|A/duck/Aichi/231002/2016|A_/_H6N5;EPI_ISL_239393;A/duck/Aichi/231002/2016;A / H6N5;Asia / Japan;;;Duck;2016-10-18;;;
>EPI_ISL_239411|A/duck/Aichi/231105/2015|A_/_H1N1;EPI_ISL_239411;A/duck/Aichi/231105/2015;A / H1N1;Asia / Japan;;;Duck;2015-11-25;;;
>EPI_ISL_239412|A/duck/Aichi/230307/2015|A_/_H2N9;EPI_ISL_239412;A/duck/Aichi/230307/2015;A / H2N9;Asia / Japan;;;Duck;2015-03-18;;;
>EPI_ISL_239574|A/duck/Yamanashi/191109/2016|A_/_H11N3;EPI_ISL_239574;A/duck/Yamanashi/191109/2016;A / H11N3;Asia / Japan;;;Duck;2016-11-28;;;
>EPI_ISL_239575|A/duck/Yamanashi/191113/2016|A_/_H11N3;EPI_ISL_239575;A/duck/Yamanashi/191113/2016;A / H11N3;Asia / Japan;;;Duck;2016-11-28;;;
>EPI_ISL_239576|A/duck/Yamanashi/191112/2016|A_/_H11N3;EPI_ISL_239576;A/duck/Yamanashi/191112/2016;A / H11N3;Asia / Japan;;;Duck;2016-11-28;;;
>EPI_ISL_239577|A/duck/Yamanashi/191110/2016|A_/_H11N3;EPI_ISL_239577;A/duck/Yamanashi/191110/2016;A / H11N3;Asia / Japan;;;Duck;2016-11-28;;;
>EPI_ISL_239578|A/duck/Yamanashi/191106/2016|A_/_H11N3;EPI_ISL_239578;A/duck/Yamanashi/191106/2016;A / H11N3;Asia / Japan;;;Duck;2016-11-28;;;
>EPI_ISL_239579|A/duck/Yamanashi/191111/2016|A_/_H11N3;EPI_ISL_239579;A/duck/Yamanashi/191111/2016;A / H11N3;Asia / Japan;;;Duck;2016-11-28;;;
>EPI_ISL_240620|A/duck/Ibaraki/104/2016|A_/_H1N1;EPI_ISL_240620;A/duck/Ibaraki/104/2016;A / H1N1;Asia / Japan;;;Duck;2016-12-14;;;
>EPI_ISL_242410|A/duck/Yamaguchi/351201/2016|A_/_H4N6;EPI_ISL_242410;A/duck/Yamaguchi/351201/2016;A / H4N6;Asia / Japan / Yamaguchi;;;Duck;2016-12-16;;;
>EPI_ISL_243349|A/wild_bird/Jiangxi/P419/2016|A_/_H6N8;EPI_ISL_243349;A/wild_bird/Jiangxi/P419/2016;A / H6N8;Asia / China;;;Avian;2016-01-07;;;
>EPI_ISL_243385|A/greater_white-fronted_goose/Netherlands/5/2010|A_/_H5N3;EPI_ISL_243385;A/greater_white-fronted_goose/Netherlands/5/2010;A / H5N3;Europe / Netherlands;;;Anser albifrons;2010-11-13;;;
>EPI_ISL_243393|A/mallard_duck/Netherlands/6/2015|A_/_H10N7;EPI_ISL_243393;A/mallard_duck/Netherlands/6/2015;A / H10N7;Europe / Netherlands;;;Anas platyrhynchos;2015-03-04;;;
>EPI_ISL_243398|A/mallard_duck/Netherlands/30/2011|A_/_H6N4;EPI_ISL_243398;A/mallard_duck/Netherlands/30/2011;A / H6N4;Europe / Netherlands;;;Anas platyrhynchos;2011-10-19;;;
>EPI_ISL_243399|A/mallard_duck/Netherlands/7/2011|A_/_H4N6;EPI_ISL_243399;A/mallard_duck/Netherlands/7/2011;A / H4N6;Europe / Netherlands;;;Anas platyrhynchos;2011-08-15;;;
>EPI_ISL_243406|A/gadwall_duck/Netherlands/1/2011|A_/_H6N2;EPI_ISL_243406;A/gadwall_duck/Netherlands/1/2011;A / H6N2;Europe / Netherlands;;;Anas strepera;2011-11-04;;;
>EPI_ISL_243434|A/mallard_duck/Netherlands/33/2014|A_/_H10N7;EPI_ISL_243434;A/mallard_duck/Netherlands/33/2014;A / H10N7;Europe / Netherlands;;;Anas platyrhynchos;2014-12-16;;;
>EPI_ISL_243439|A/mallard_duck/Netherlands/13/2013|A_/_H7N7;EPI_ISL_243439;A/mallard_duck/Netherlands/13/2013;A / H7N7;Europe / Netherlands;;;Anas platyrhynchos;2013-12-10;;;
>EPI_ISL_243453|A/mallard_duck/Netherlands/31/2013|A_/_H10N7;EPI_ISL_243453;A/mallard_duck/Netherlands/31/2013;A / H10N7;Europe / Netherlands;;;Anas platyrhynchos;2013-05-20;;;
>EPI_ISL_243456|A/mallard_duck/Netherlands/5/2012|A_/_H10N7;EPI_ISL_243456;A/mallard_duck/Netherlands/5/2012;A / H10N7;Europe / Netherlands;;;Anas platyrhynchos;2012-05-12;;;
>EPI_ISL_243457|A/barnacle_goose/Netherlands/1/2014|A_/_H6N8;EPI_ISL_243457;A/barnacle_goose/Netherlands/1/2014;A / H6N8;Europe / Netherlands;;;Branta leucopsis;2014-12-15;;;
>EPI_ISL_243472|A/mallard_duck/Netherlands/15/2009|A_/_H6N8;EPI_ISL_243472;A/mallard_duck/Netherlands/15/2009;A / H6N8;Europe / Netherlands;;;Anas platyrhynchos;2009-10-02;;;
>EPI_ISL_243486|A/turnstone/Netherlands/1/2010|A_/_H3N8;EPI_ISL_243486;A/turnstone/Netherlands/1/2010;A / H3N8;Europe / Netherlands;;;Arenaria interpres;2010-10-09;;;
>EPI_ISL_243490|A/greater_white-fronted_goose/Netherlands/11/2009|A_/_H6N1;EPI_ISL_243490;A/greater_white-fronted_goose/Netherlands/11/2009;A / H6N1;Europe / Netherlands;;;Anser albifrons;2009-12-09;;;
>EPI_ISL_243491|A/mallard_duck/Netherlands/32/2013|A_/_H10N7;EPI_ISL_243491;A/mallard_duck/Netherlands/32/2013;A / H10N7;Europe / Netherlands;;;Anas platyrhynchos;2013-08-05;;;
>EPI_ISL_243498|A/mallard_duck/Netherlands/26/2010|A_/_H4N6;EPI_ISL_243498;A/mallard_duck/Netherlands/26/2010;A / H4N6;Europe / Netherlands;;;Anas platyrhynchos;2010-09-13;;;
>EPI_ISL_243504|A/mallard_duck/Netherlands/1/2014|A_/_H10N7;EPI_ISL_243504;A/mallard_duck/Netherlands/1/2014;A / H10N7;Europe / Netherlands;;;Anas platyrhynchos;2014-02-17;;;
>EPI_ISL_243522|A/mallard_duck/Netherlands/13/2012|A_/_H3N8;EPI_ISL_243522;A/mallard_duck/Netherlands/13/2012;A / H3N8;Europe / Netherlands;;;Anas platyrhynchos;2012-10-01;;;
>EPI_ISL_243534|A/mallard_duck/Netherlands/1/2012|A_/_H10N7;EPI_ISL_243534;A/mallard_duck/Netherlands/1/2012;A / H10N7;Europe / Netherlands;;;Anas platyrhynchos;2012-01-14;;;
>EPI_ISL_243537|A/mallard_duck/Netherlands/5/2013|A_/_H1N1;EPI_ISL_243537;A/mallard_duck/Netherlands/5/2013;A / H1N1;Europe / Netherlands;;;Anas platyrhynchos;2013-09-16;;;
>EPI_ISL_243553|A/mallard_duck/Netherlands/6/2013|A_/_H3N8;EPI_ISL_243553;A/mallard_duck/Netherlands/6/2013;A / H3N8;Europe / Netherlands;;;Anas platyrhynchos;2013-10-01;;;
>EPI_ISL_243579|A/mallard_duck/Netherlands/1/2013|A_/_H7N7;EPI_ISL_243579;A/mallard_duck/Netherlands/1/2013;A / H7N7;Europe / Netherlands;;;Anas platyrhynchos;2013-01-26;;;
>EPI_ISL_243580|A/mallard_duck/Netherlands/53/2010|A_/_H1N1;EPI_ISL_243580;A/mallard_duck/Netherlands/53/2010;A / H1N1;Europe / Netherlands;;;Anas platyrhynchos;2010-12-08;;;
>EPI_ISL_243583|A/greater_white-fronted_goose/Netherlands/9/2009|A_/_H6N2;EPI_ISL_243583;A/greater_white-fronted_goose/Netherlands/9/2009;A / H6N2;Europe / Netherlands;;;Anser albifrons;2009-12-30;;;
>EPI_ISL_243586|A/mallard_duck/Netherlands/1/2011|A_/_H7N7;EPI_ISL_243586;A/mallard_duck/Netherlands/1/2011;A / H7N7;Europe / Netherlands;;;Anas platyrhynchos;2011-02-23;;;
>EPI_ISL_243592|A/Eurasian_wigeon/Netherlands/1/2010|A_/_H5N2;EPI_ISL_243592;A/Eurasian_wigeon/Netherlands/1/2010;A / H5N2;Europe / Netherlands;;;Anas penelope;2010-09-27;;;
>EPI_ISL_243594|A/mallard_duck/Netherlands/51/2010|A_/_H1N1;EPI_ISL_243594;A/mallard_duck/Netherlands/51/2010;A / H1N1;Europe / Netherlands;;;Anas platyrhynchos;2010-12-03;;;
>EPI_ISL_243595|A/mallard_duck/Netherlands/18/2010|A_/_H6N8;EPI_ISL_243595;A/mallard_duck/Netherlands/18/2010;A / H6N8;Europe / Netherlands;;;Anas platyrhynchos;2010-09-03;;;
>EPI_ISL_243607|A/mallard_duck/Netherlands/24/2013|A_/_H4N6;EPI_ISL_243607;A/mallard_duck/Netherlands/24/2013;A / H4N6;Europe / Netherlands;;;Anas platyrhynchos;2013-09-16;;;
>EPI_ISL_243610|A/mallard_duck/Netherlands/7/2012|A_/_H1N1;EPI_ISL_243610;A/mallard_duck/Netherlands/7/2012;A / H1N1;Europe / Netherlands;;;Anas platyrhynchos;2012-07-09;;;
>EPI_ISL_243612|A/mallard_duck/Netherlands/2/2015|A_/_H7N7;EPI_ISL_243612;A/mallard_duck/Netherlands/2/2015;A / H7N7;Europe / Netherlands;;;Anas platyrhynchos;2015-01-16;;;
>EPI_ISL_243613|A/greater_white-fronted_goose/Netherlands/4/2010|A_/_H6N8;EPI_ISL_243613;A/greater_white-fronted_goose/Netherlands/4/2010;A / H6N8;Europe / Netherlands;;;Anser albifrons;2010-02-04;;;
>EPI_ISL_243620|A/mallard_duck/Netherlands/7/2014|A_/_H6N2;EPI_ISL_243620;A/mallard_duck/Netherlands/7/2014;A / H6N2;Europe / Netherlands;;;Anas platyrhynchos;2014-10-01;;;
>EPI_ISL_243627|A/Eurasian_wigeon/Netherlands/1/2006|A_/_H6N2;EPI_ISL_243627;A/Eurasian_wigeon/Netherlands/1/2006;A / H6N2;Europe / Netherlands;;;Anas penelope;2006-12-21;;;
>EPI_ISL_243654|A/greater_white-fronted_goose/Netherlands/1/2012|A_/_H1N1;EPI_ISL_243654;A/greater_white-fronted_goose/Netherlands/1/2012;A / H1N1;Europe / Netherlands;;;Anser albifrons;2012-11-20;;;
>EPI_ISL_243657|A/greater_white-fronted_goose/Netherlands/6/2010|A_/_H6N2;EPI_ISL_243657;A/greater_white-fronted_goose/Netherlands/6/2010;A / H6N2;Europe / Netherlands;;;Anser albifrons;2010-11-23;;;
>EPI_ISL_243659|A/mallard_duck/Netherlands/10/2012|A_/_H6N1;EPI_ISL_243659;A/mallard_duck/Netherlands/10/2012;A / H6N1;Europe / Netherlands;;;Anas platyrhynchos;2012-09-05;;;
>EPI_ISL_243664|A/mallard_duck/Netherlands/19/2012|A_/_H4N6;EPI_ISL_243664;A/mallard_duck/Netherlands/19/2012;A / H4N6;Europe / Netherlands;;;Anas platyrhynchos;2012-09-07;;;
>EPI_ISL_243666|A/mallard_duck/Netherlands/26/2011|A_/_H11N9;EPI_ISL_243666;A/mallard_duck/Netherlands/26/2011;A / H11N9;Europe / Netherlands;;;Anas platyrhynchos;2011-10-10;;;
>EPI_ISL_267161|A/mallard_duck/Sweden/139937/2012|A_/_H15N5;EPI_ISL_267161;A/mallard_duck/Sweden/139937/2012;A / H15N5;Europe / Sweden;;;Anas platyrhynchos;2012-12-06;;;
>EPI_ISL_267171|A/mallard_duck/Netherlands/22/2013|A_/_H2N3;EPI_ISL_267171;A/mallard_duck/Netherlands/22/2013;A / H2N3;Europe / Netherlands;;;Anas platyrhynchos;2013-01-07;;;
>EPI_ISL_267186|A/mallard_duck/Netherlands/8/2014|A_/_H7N5;EPI_ISL_267186;A/mallard_duck/Netherlands/8/2014;A / H7N5;Europe / Netherlands;;;Anas platyrhynchos;2014-10-28;;;
>EPI_ISL_267194|A/mallard_duck/Netherlands/14/2014|A_/_H2N9;EPI_ISL_267194;A/mallard_duck/Netherlands/14/2014;A / H2N9;Europe / Netherlands;;;Anas platyrhynchos;2014-08-27;;;
>EPI_ISL_267197|A/mallard_duck/Netherlands/20/2012|A_/_H1N1;EPI_ISL_267197;A/mallard_duck/Netherlands/20/2012;A / H1N1;Europe / Netherlands;;;Anas platyrhynchos;2012-11-24;;;
>EPI_ISL_267199|A/mallard_duck/Netherlands/33/2011|A_/_H2N2;EPI_ISL_267199;A/mallard_duck/Netherlands/33/2011;A / H2N2;Europe / Netherlands;;;Anas platyrhynchos;2011-10-24;;;
>EPI_ISL_267219|A/mallard_duck/Netherlands/11/2014|A_/_H6N2;EPI_ISL_267219;A/mallard_duck/Netherlands/11/2014;A / H6N2;Europe / Netherlands;;;Anas platyrhynchos;2014-11-22;;;
>EPI_ISL_267228|A/mallard_duck/Netherlands/12/2011|A_/_H6N9;EPI_ISL_267228;A/mallard_duck/Netherlands/12/2011;A / H6N9;Europe / Netherlands;;;Anas platyrhynchos;2011-09-01;;;
>EPI_ISL_267231|A/mallard_duck/Sweden/139899/2012|A_/_H15N5;EPI_ISL_267231;A/mallard_duck/Sweden/139899/2012;A / H15N5;Europe / Sweden;;;Anas platyrhynchos;2012-12-05;;;
>EPI_ISL_267261|A/mallard_duck/Netherlands/21/2014|A_/_H4N6;EPI_ISL_267261;A/mallard_duck/Netherlands/21/2014;A / H4N6;Europe / Netherlands;;;Anas platyrhynchos;2014-08-26;;;
>EPI_ISL_267278|A/mallard_duck/Sweden/139579/2012|A_/_H15N5;EPI_ISL_267278;A/mallard_duck/Sweden/139579/2012;A / H15N5;Europe / Sweden;;;Anas platyrhynchos;2012-11-28;;;
>EPI_ISL_267284|A/mallard_duck/Netherlands/6/2012|A_/_H1N1;EPI_ISL_267284;A/mallard_duck/Netherlands/6/2012;A / H1N1;Europe / Netherlands;;;Anas platyrhynchos;2012-02-23;;;
>EPI_ISL_267293|A/tufted_duck/Georgia/1/2012|A_/_H2N3;EPI_ISL_267293;A/tufted_duck/Georgia/1/2012;A / H2N3;Asia / Georgia;;;Aythya fuligula;2012-12-22;;;
>EPI_ISL_267297|A/mallard_duck/Netherlands/16/2014|A_/_H2N9;EPI_ISL_267297;A/mallard_duck/Netherlands/16/2014;A / H2N9;Europe / Netherlands;;;Anas platyrhynchos;2014-08-29;;;
>EPI_ISL_267317|A/mallard_duck/Netherlands/26/2014|A_/_H1N1;EPI_ISL_267317;A/mallard_duck/Netherlands/26/2014;A / H1N1;Europe / Netherlands;;;Anas platyrhynchos;2014-09-15;;;
>EPI_ISL_267318|A/mallard_duck/Netherlands/2/2014|A_/_H10N7;EPI_ISL_267318;A/mallard_duck/Netherlands/2/2014;A / H10N7;Europe / Netherlands;;;Anas platyrhynchos;2014-02-17;;;
>EPI_ISL_267342|A/mallard_duck/Netherlands/2/2013|A_/_H3N6;EPI_ISL_267342;A/mallard_duck/Netherlands/2/2013;A / H3N6;Europe / Netherlands;;;Anas platyrhynchos;2013-09-10;;;
>EPI_ISL_267350|A/mallard_duck/Georgia/3/2012|A_/_H7N3;EPI_ISL_267350;A/mallard_duck/Georgia/3/2012;A / H7N3;Asia / Georgia;;;Anas platyrhynchos;2012-01-30;;;
>EPI_ISL_267352|A/mallard_duck/Netherlands/9/2014|A_/_H6N2;EPI_ISL_267352;A/mallard_duck/Netherlands/9/2014;A / H6N2;Europe / Netherlands;;;Anas platyrhynchos;2014-10-28;;;
>EPI_ISL_267359|A/mallard_duck/Netherlands/2/2004|A_/_H6N8;EPI_ISL_267359;A/mallard_duck/Netherlands/2/2004;A / H6N8;Europe / Netherlands;;;Anas platyrhynchos;2004-09-27;;;
>EPI_ISL_267368|A/European_herring_gull/Netherlands/1/2015|A_/_H11N9;EPI_ISL_267368;A/European_herring_gull/Netherlands/1/2015;A / H11N9;Europe / Netherlands;;;Larus argentatus;2015-01-16;;;
>EPI_ISL_267386|A/mallard_duck/Netherlands/34/2010|A_/_H3N2;EPI_ISL_267386;A/mallard_duck/Netherlands/34/2010;A / H3N2;Europe / Netherlands;;;Anas platyrhynchos;2010-10-08;;;
>EPI_ISL_267387|A/mallard_duck/Netherlands/24/2011|A_/_H2N3;EPI_ISL_267387;A/mallard_duck/Netherlands/24/2011;A / H2N3;Europe / Netherlands;;;Anas platyrhynchos;2011-10-03;;;
>EPI_ISL_267389|A/mallard_duck/Netherlands/24/2014|A_/_H7N3;EPI_ISL_267389;A/mallard_duck/Netherlands/24/2014;A / H7N3;Europe / Netherlands;;;Anas platyrhynchos;2014-09-30;;;
>EPI_ISL_267395|A/mallard_duck/Sweden/139752/2012|A_/_H15N5;EPI_ISL_267395;A/mallard_duck/Sweden/139752/2012;A / H15N5;Europe / Sweden;;;Anas platyrhynchos;2012-12-03;;;
>EPI_ISL_267408|A/mallard_duck/Sweden/139647/2012|A_/_H15N5;EPI_ISL_267408;A/mallard_duck/Sweden/139647/2012;A / H15N5;Europe / Sweden;;;Anas platyrhynchos;2012-11-30;;;
>EPI_ISL_267421|A/mallard_duck/Sweden/139703/2012|A_/_H15N5;EPI_ISL_267421;A/mallard_duck/Sweden/139703/2012;A / H15N5;Europe / Sweden;;;Anas platyrhynchos;2012-12-01;;;
>EPI_ISL_2747|A/turkey/Italy/4169/99|A_/_H7N1;EPI_ISL_2747;A/turkey/Italy/4169/99;A / H7N1;Europe / Italy;;;Turkey;1999;;;
>EPI_ISL_277425|A/crane/Kagoshima/KU-T40/2015|A_/_H11N9;EPI_ISL_277425;A/crane/Kagoshima/KU-T40/2015;A / H11N9;Asia / Japan / Kagoshima;;;Other avian;2015;;;
>EPI_ISL_277426|A/duck/Kagoshima/KU57/2014|A_/_H11N9;EPI_ISL_277426;A/duck/Kagoshima/KU57/2014;A / H11N9;Asia / Japan / Kagoshima;;;Duck;2014;;;
>EPI_ISL_290236|A/duck/Mongolia/262/2011|A_/_H4N6;EPI_ISL_290236;A/duck/Mongolia/262/2011;A / H4N6;Asia / Mongolia;;;Duck;2011-09-01;;;
>EPI_ISL_290238|A/duck/Mongolia/278/2011|A_/_H3N8;EPI_ISL_290238;A/duck/Mongolia/278/2011;A / H3N8;Asia / Mongolia;;;Duck;2011-08-28;;;
>EPI_ISL_290239|A/duck/Mongolia/279/2011|A_/_H3N8;EPI_ISL_290239;A/duck/Mongolia/279/2011;A / H3N8;Asia / Mongolia;;;Duck;2011-08-28;;;
>EPI_ISL_290246|A/duck/Mongolia/394/2011|A_/_H3N8;EPI_ISL_290246;A/duck/Mongolia/394/2011;A / H3N8;Asia / Mongolia;;;Duck;2011-09-01;;;
>EPI_ISL_290247|A/duck/Mongolia/395/2011|A_/_H3N8;EPI_ISL_290247;A/duck/Mongolia/395/2011;A / H3N8;Asia / Mongolia;;;Duck;2011-09-01;;;
>EPI_ISL_290248|A/duck/Mongolia/398/2011|A_/_H3N8;EPI_ISL_290248;A/duck/Mongolia/398/2011;A / H3N8;Asia / Mongolia;;;Duck;2011-08-28;;;
>EPI_ISL_290249|A/duck/Mongolia/402/2011|A_/_H3N8;EPI_ISL_290249;A/duck/Mongolia/402/2011;A / H3N8;Asia / Mongolia;;;Duck;2011-08-28;;;
>EPI_ISL_291184|A/Mallard/Netherlands/11013808/2011|A_/_H3N8;EPI_ISL_291184;A/Mallard/Netherlands/11013808/2011;A / H3N8;Europe / Netherlands / Provincie Utrecht / Gemeente Bunschoten;;;Anas platyrhynchos;2011-08-02;;;
>EPI_ISL_291186|A/Common_Teal/Netherlands/12002960/2012|A_/_H8N4;EPI_ISL_291186;A/Common_Teal/Netherlands/12002960/2012;A / H8N4;Europe / Netherlands / Provincie Noord-Holland / Nieuw Vennep;;;Anas crecca;2012-02-12;;;
>EPI_ISL_291187|A/Mallard/Netherlands/12005909/2012|A_/_H1N1;EPI_ISL_291187;A/Mallard/Netherlands/12005909/2012;A / H1N1;Europe / Netherlands / Provincie Friesland / Creil;;;Anas platyrhynchos;2012-03-16;;;
>EPI_ISL_291191|A/Mallard/Netherlands/15011910/2015|A_/_H12N5;EPI_ISL_291191;A/Mallard/Netherlands/15011910/2015;A / H12N5;Europe / Netherlands / South Holland / Groot Ammers;;;Anas platyrhynchos;2015-08-06;;;
>EPI_ISL_291192|A/Mallard/Netherlands/15013156/2015|A_/_H12N5;EPI_ISL_291192;A/Mallard/Netherlands/15013156/2015;A / H12N5;Europe / Netherlands;;;Anas platyrhynchos;2015-09-06;;;
>EPI_ISL_291193|A/Mallard/Netherlands/09014545/2009|A_/_H4N6;EPI_ISL_291193;A/Mallard/Netherlands/09014545/2009;A / H4N6;Europe / Netherlands;;;Anas platyrhynchos;2009-08-12;;;
>EPI_ISL_291195|A/Mallard/Netherlands/14016619/2014|A_/_H3N6;EPI_ISL_291195;A/Mallard/Netherlands/14016619/2014;A / H3N6;Europe / Netherlands / Provincie Utrecht / Gemeente Lopik;;;Anas platyrhynchos;2014-12-03;;;
>EPI_ISL_292794|A/Wild_bird/Korea/A41/2012|A_/_H1N1;EPI_ISL_292794;A/Wild_bird/Korea/A41/2012;A / H1N1;Asia / South Korea;;;Avian;2012-12-21;;;
>EPI_ISL_293990|A/duck/Hokkaido/10/2015|A_/_H3N6;EPI_ISL_293990;A/duck/Hokkaido/10/2015;A / H3N6;Asia / Japan / Hokkaido;;;Duck;2015-10-09;;;
>EPI_ISL_294001|A/duck/Mongolia/17/2011|A_/_H4N3;EPI_ISL_294001;A/duck/Mongolia/17/2011;A / H4N3;Asia / Mongolia;;;Duck;2011-08-26;;;
>EPI_ISL_294758|A/mallard/France/150018/2015|A_/_H5N1;EPI_ISL_294758;A/mallard/France/150018/2015;A / H5N1;Europe / France;;;Anas platyrhynchos;2015-02-19;;;
>EPI_ISL_298532|A/duck/Mongolia/405/2011|A_/_H3N8;EPI_ISL_298532;A/duck/Mongolia/405/2011;A / H3N8;Asia / Mongolia;;;Duck;2011-08-28;;;
>EPI_ISL_298539|A/duck/Mongolia/53/2011|A_/_H3N8;EPI_ISL_298539;A/duck/Mongolia/53/2011;A / H3N8;Asia / Mongolia;;;Duck;2011-09-01;;;
>EPI_ISL_298609|A/duck/Mongolia/675/2010|A_/_H1N1;EPI_ISL_298609;A/duck/Mongolia/675/2010;A / H1N1;Asia / Mongolia;;;Duck;2010-08-29;;;
>EPI_ISL_302809|A/Bean_Goose/Hubei/chenhu_IX25/2015|A_/_H1N1;EPI_ISL_302809;A/Bean_Goose/Hubei/chenhu_IX25/2015;A / H1N1;Asia / China / Hubei Province;;;Anser anser;2015-03-09;;;
>EPI_ISL_309175|A/duck/Bangladesh/824/2009|A_/_H10N7;EPI_ISL_309175;A/duck/Bangladesh/824/2009;A / H10N7;Asia / Bangladesh;;;Anas sp.;2009-01-11;;;
>EPI_ISL_309176|A/duck/Bangladesh/8987/2010|A_/_H10N9;EPI_ISL_309176;A/duck/Bangladesh/8987/2010;A / H10N9;Asia / Bangladesh;;;Anas sp.;2010-10-15;;;
>EPI_ISL_309177|A/duck/Bangladesh/822/2009|A_/_H10N7;EPI_ISL_309177;A/duck/Bangladesh/822/2009;A / H10N7;Asia / Bangladesh;;;Anas sp.;2009-01-11;;;
>EPI_ISL_309178|A/chicken/Bangladesh/842/2009|A_/_H10N7;EPI_ISL_309178;A/chicken/Bangladesh/842/2009;A / H10N7;Asia / Bangladesh;;;Gallus gallus;2009-01-11;;;
>EPI_ISL_309179|A/duck/Bangladesh/821/2009|A_/_H10N7;EPI_ISL_309179;A/duck/Bangladesh/821/2009;A / H10N7;Asia / Bangladesh;;;Anas sp.;2009-01-11;;;
>EPI_ISL_309180|A/duck/Bangladesh/8988/2010|A_/_H10N9;EPI_ISL_309180;A/duck/Bangladesh/8988/2010;A / H10N9;Asia / Bangladesh;;;Anas sp.;2010-10-15;;;
>EPI_ISL_309208|A/mandarin_duck/Korea/H994-7/2017|A_/_H7N1;EPI_ISL_309208;A/mandarin_duck/Korea/H994-7/2017;A / H7N1;Asia / South Korea;;;Aix galericulata;2017-03-08;;;
>EPI_ISL_309232|A/environment/Korea/A01-1/2013|A_/_H7N1;EPI_ISL_309232;A/environment/Korea/A01-1/2013;A / H7N1;Asia / South Korea;;;Environment;2013-02-04;;;
>EPI_ISL_309800|A/Chicken/Netherlands/10009401/2010|A_/_H8N4;EPI_ISL_309800;A/Chicken/Netherlands/10009401/2010;A / H8N4;Europe / Netherlands / Provincie Friesland / Hiaure;;;Chicken;2010-06-04;;;
>EPI_ISL_309804|A/Chicken/Netherlands/11004004/2011|A_/_H8N4;EPI_ISL_309804;A/Chicken/Netherlands/11004004/2011;A / H8N4;Europe / Netherlands / Provincie Utrecht / Vreeland;;;Chicken;2011-03-09;;;
>EPI_ISL_309805|A/Chicken/Netherlands/11004875/2011|A_/_H7N1;EPI_ISL_309805;A/Chicken/Netherlands/11004875/2011;A / H7N1;Europe / Netherlands / Provincie Zeeland / Schore;;;Chicken;2011-03-22;;;
>EPI_ISL_309806|A/Chicken/Netherlands/11008325/2011|A_/_H8N4;EPI_ISL_309806;A/Chicken/Netherlands/11008325/2011;A / H8N4;Europe / Netherlands / Provincie Gelderland / Lunteren;;;Chicken;2011-05-10;;;
>EPI_ISL_309810|A/Chicken/Netherlands/12014794/2012|A_/_H7N7;EPI_ISL_309810;A/Chicken/Netherlands/12014794/2012;A / H7N7;Europe / Netherlands / Provincie Utrecht / Hagestein;;;Chicken;2012-08-09;;;
>EPI_ISL_309812|A/Chicken/Netherlands/13003983/2013|A_/_H7N7;EPI_ISL_309812;A/Chicken/Netherlands/13003983/2013;A / H7N7;Europe / Netherlands / Provincie Flevoland / Gemeente Zeewolde;;;Chicken;2013-03-18;;;
>EPI_ISL_309818|A/Chicken/Netherlands/14004070/2014|A_/_H9N1;EPI_ISL_309818;A/Chicken/Netherlands/14004070/2014;A / H9N1;Europe / Netherlands / Provincie Groningen / Uithuizermeeden;;;Chicken;2014-03-26;;;
>EPI_ISL_309829|A/Chicken/Netherlands/15005968-056-060/2015|A_/_H5N2;EPI_ISL_309829;A/Chicken/Netherlands/15005968-056-060/2015;A / H5N2;Europe / Netherlands / North Brabant / Milheeze;;;Chicken;2015-04-02;;;
>EPI_ISL_309833|A/Duck/Netherlands/14015610/2014|A_/_H6N2;EPI_ISL_309833;A/Duck/Netherlands/14015610/2014;A / H6N2;Europe / Netherlands / Provincie Utrecht / Gemeente Lopik;;;Duck;2014-11-17;;;
>EPI_ISL_309835|A/Duck/Netherlands/14016396/2014|A_/_H6N2;EPI_ISL_309835;A/Duck/Netherlands/14016396/2014;A / H6N2;Europe / Netherlands / Provincie Gelderland / Hierden;;;Duck;2014-11-25;;;
>EPI_ISL_309843|A/Chicken/Netherlands/13003953/2013|A_/_H7N7;EPI_ISL_309843;A/Chicken/Netherlands/13003953/2013;A / H7N7;Europe / Netherlands / Provincie Flevoland / Gemeente Zeewolde;;;Chicken;2013-03-15;;;
>EPI_ISL_309929|A/Chicken/Netherlands/11008327/2011|A_/_H7N7;EPI_ISL_309929;A/Chicken/Netherlands/11008327/2011;A / H7N7;Europe / Netherlands / Provincie Gelderland / Kootwijkerbroek;;;Chicken;2011-05-12;;;
>EPI_ISL_309930|A/Chicken/Netherlands/14016059/2014|A_/_H6N2;EPI_ISL_309930;A/Chicken/Netherlands/14016059/2014;A / H6N2;Europe / Netherlands / South Holland / Bodegraven;;;Chicken;2014-11-22;;;
>EPI_ISL_327777|A/duck/France/161005/2016|A_/_H3N2;EPI_ISL_327777;A/duck/France/161005/2016;A / H3N2;Europe / France;;;Anas platyrhynchos;2016-03-13;;;
>EPI_ISL_328956|A/mallard_duck/Netherlands/59/2015|A_/_H6N5;EPI_ISL_328956;A/mallard_duck/Netherlands/59/2015;A / H6N5;Europe / Netherlands;;;Anas platyrhynchos;2015-09-05;;;
>EPI_ISL_328957|A/mallard_duck/Netherlands/60/2015|A_/_H6N5;EPI_ISL_328957;A/mallard_duck/Netherlands/60/2015;A / H6N5;Europe / Netherlands;;;Anas platyrhynchos;2015-09-12;;;
>EPI_ISL_328998|A/mallard_duck/Netherlands/11/2013|A_/_H7N7;EPI_ISL_328998;A/mallard_duck/Netherlands/11/2013;A / H7N7;Europe / Netherlands;;;Anas platyrhynchos;2013-12-09;;;
>EPI_ISL_329034|A/mallard_duck/Netherlands/23/2014|A_/_H1N1;EPI_ISL_329034;A/mallard_duck/Netherlands/23/2014;A / H1N1;Europe / Netherlands;;;Anas platyrhynchos;2014-09-15;;;
>EPI_ISL_332687|A/mallard/Toguchin/13/2017|A_/_H4N6;EPI_ISL_332687;A/mallard/Toguchin/13/2017;A / H4N6;Europe / Russian Federation / Novosibirsk Oblast / Toguchinsky District;;;Anas platyrhynchos;2017-09-03;;;
>EPI_ISL_332690|A/mallard/Toguchin/19/2017|A_/_H4N6;EPI_ISL_332690;A/mallard/Toguchin/19/2017;A / H4N6;Europe / Russian Federation / Novosibirsk Oblast / Toguchinsky District;;;Anas platyrhynchos;2017-09-03;;;
>EPI_ISL_337394|A/shoveler/Russia_Primorje/18-1069/2018|A_/_H1N1;EPI_ISL_337394;A/shoveler/Russia_Primorje/18-1069/2018;A / H1N1;Europe / Russian Federation;;;Anas clypeata;2018-04-14;;;
>EPI_ISL_337398|A/mallard/Buryatia/114/2018|A_/_H3N2;EPI_ISL_337398;A/mallard/Buryatia/114/2018;A / H3N2;Europe / Russian Federation;;;Anas platyrhynchos;2018-09-15;;;
>EPI_ISL_337400|A/teal/Buryatia/100/2018|A_/_H4N6;EPI_ISL_337400;A/teal/Buryatia/100/2018;A / H4N6;Europe / Russian Federation;;;Anas crecca;2018-09-14;;;
>EPI_ISL_338328|A/teal/Buryatia/57/2018|A_/_H4N6;EPI_ISL_338328;A/teal/Buryatia/57/2018;A / H4N6;Europe / Russian Federation;;;Anas crecca;2018-08-26;;;
>EPI_ISL_338358|A/mallard/Novosibirsk_region/988k/2018|A_/_H4N6;EPI_ISL_338358;A/mallard/Novosibirsk_region/988k/2018;A / H4N6;Europe / Russian Federation;;;Anas platyrhynchos;2018-10-01;;;
>EPI_ISL_339039|A/teal/Russia_Primorje/18-1101/2018|A_/_H1N1;EPI_ISL_339039;A/teal/Russia_Primorje/18-1101/2018;A / H1N1;Europe / Russian Federation;;;Anas crecca;2018-04-21;;;
>EPI_ISL_3548|A/mallard/Netherlands/12/00|A_/_H7N3;EPI_ISL_3548;A/mallard/Netherlands/12/00;A / H7N3;Europe / Netherlands;;;Anas platyrhynchos;2000;;;
>EPI_ISL_362149|A/Chicken/Netherlands/15004745-001-005/2015|A_/_H7N7;EPI_ISL_362149;A/Chicken/Netherlands/15004745-001-005/2015;A / H7N7;Europe / Netherlands / Provincie Gelderland / Barneveld;;;Gallus gallus domesticus;2019-03-12;;;
>EPI_ISL_368347|A/Anas_falcata/China/D257/2015|A_/_H11N8;EPI_ISL_368347;A/Anas_falcata/China/D257/2015;A / H11N8;Asia / China;;;Anas falcata;2015-02-06;;;
>EPI_ISL_368348|A/Anser_fabalis/China/664/2014|A_/_H11N8;EPI_ISL_368348;A/Anser_fabalis/China/664/2014;A / H11N8;Asia / China;;;Anser fabalis;2014-12-19;;;
>EPI_ISL_368642|A/duck/Mongolia/837/2015|A_/_H1N1;EPI_ISL_368642;A/duck/Mongolia/837/2015;A / H1N1;Asia / Mongolia;;;Duck;2015-09-01;;;
>EPI_ISL_370664|A/duck/Hokkaido/59/2007|A_/_H7N7;EPI_ISL_370664;A/duck/Hokkaido/59/2007;A / H7N7;Asia / Japan / Hokkaido;;;Duck;2007-08-26;;;
>EPI_ISL_370665|A/duck/Hokkaido/W103/2017|A_/_H5N2;EPI_ISL_370665;A/duck/Hokkaido/W103/2017;A / H5N2;Asia / Japan / Hokkaido;;;Duck;2017-10-26;;;
>EPI_ISL_370668|A/duck/Hokkaido/W144/2017|A_/_H3N2;EPI_ISL_370668;A/duck/Hokkaido/W144/2017;A / H3N2;Asia / Japan / Hokkaido;;;Duck;2017-10-26;;;
>EPI_ISL_370669|A/duck/Hokkaido/W151/2017|A_/_H3N2;EPI_ISL_370669;A/duck/Hokkaido/W151/2017;A / H3N2;Asia / Japan / Hokkaido;;;Duck;2017-10-26;;;
>EPI_ISL_370670|A/duck/Hokkaido/W154/2017|A_/_H3N2;EPI_ISL_370670;A/duck/Hokkaido/W154/2017;A / H3N2;Asia / Japan / Hokkaido;;;Duck;2017-10-26;;;
>EPI_ISL_373082|A/Mallard/Netherlands/8/2013|A_/_H3N8;EPI_ISL_373082;A/Mallard/Netherlands/8/2013;A / H3N8;Europe / Netherlands;;;Anas platyrhynchos;2013-10-08;;;
>EPI_ISL_373088|A/Mallard/Netherlands/3/2013|A_/_H3N6;EPI_ISL_373088;A/Mallard/Netherlands/3/2013;A / H3N6;Europe / Netherlands;;;Anas platyrhynchos;2013-09-10;;;
>EPI_ISL_376198|A/mallard/Netherlands/73/2017|A_/_H4N6;EPI_ISL_376198;A/mallard/Netherlands/73/2017;A / H4N6;Europe / Netherlands;;;Anas platyrhynchos;2017-08-01;;;
>EPI_ISL_376205|A/mallard/Netherlands/27/2017|A_/_H4N6;EPI_ISL_376205;A/mallard/Netherlands/27/2017;A / H4N6;Europe / Netherlands;;;Anas platyrhynchos;2017-07-28;;;
>EPI_ISL_376208|A/mallard/Netherlands/89/2017|A_/_H4N6;EPI_ISL_376208;A/mallard/Netherlands/89/2017;A / H4N6;Europe / Netherlands;;;Anas platyrhynchos;2017-08-26;;;
>EPI_ISL_378366|A/Eurasian_Wigeon/Netherlands/5/2007|A_/_H7N7;EPI_ISL_378366;A/Eurasian_Wigeon/Netherlands/5/2007;A / H7N7;Europe / Netherlands;;;Mareca penelope;2007-10-22;;;
>EPI_ISL_379990|A/Iceland_gull/Iceland/4402/2015|A_/_H10N7;EPI_ISL_379990;A/Iceland_gull/Iceland/4402/2015;A / H10N7;Europe / Iceland;;;Iceland gull;2015-11;;;
>EPI_ISL_379991|A/glaucous_gull/Iceland/4270/2015|A_/_H10N7;EPI_ISL_379991;A/glaucous_gull/Iceland/4270/2015;A / H10N7;Europe / Iceland;;;Glaucous gull;2015-11;;;
>EPI_ISL_379992|A/glaucous_gull/Iceland/4552/2015|A_/_H10N7;EPI_ISL_379992;A/glaucous_gull/Iceland/4552/2015;A / H10N7;Europe / Iceland;;;Glaucous gull;2015-11;;;
>EPI_ISL_387343|A/duck/Viet_Nam/HN-2430/2015|A;EPI_ISL_387343;A/duck/Viet_Nam/HN-2430/2015;A;Asia / Vietnam;;;Duck;2015-01-10;;;
>EPI_ISL_387963|A/teal/Egypt/MB-D-148OP/2015|A_/_H10N7;EPI_ISL_387963;A/teal/Egypt/MB-D-148OP/2015;A / H10N7;Africa / Egypt;;;Anas sp.;2015-01-27;;;
>EPI_ISL_387969|A/teal/Egypt/MB-D-125OP/2015|A_/_H7N3;EPI_ISL_387969;A/teal/Egypt/MB-D-125OP/2015;A / H7N3;Africa / Egypt;;;Anas sp.;2015-01-27;;;
>EPI_ISL_393322|A/duck/Vietnam/HU10-1743/2018|A_/_H6N6;EPI_ISL_393322;A/duck/Vietnam/HU10-1743/2018;A / H6N6;Asia / Vietnam;;;Anas platyrhynchos var. domesticus;2018-08-30;;;
>EPI_ISL_395095|A/wild_bird/Hunan/1.18_YYDTHBDF36-1/2019(H9N2)|A_/_H9N2;EPI_ISL_395095;A/wild_bird/Hunan/1.18_YYDTHBDF36-1/2019(H9N2);A / H9N2;Asia / China / Hunan Province;;;Avian;2019-01-18;;;
>EPI_ISL_398133|A/wild_bird/Hunan/12.02_YYDTHBA326/2018|A_/_H9N2;EPI_ISL_398133;A/wild_bird/Hunan/12.02_YYDTHBA326/2018;A / H9N2;Asia / China / Hunan Province;;;Avian;2018-12-02;;;
>EPI_ISL_398135|A/wild_bird/Hunan/01.18_YYDTHBD77/2019(H9N2)|A_/_H9N2;EPI_ISL_398135;A/wild_bird/Hunan/01.18_YYDTHBD77/2019(H9N2);A / H9N2;Asia / China / Hunan Province;;;Avian;2019-01-18;;;
>EPI_ISL_398142|A/wild_bird/Hunan/01.18_YYDTHBDS10/2019(H9N2)|A_/_H9N2;EPI_ISL_398142;A/wild_bird/Hunan/01.18_YYDTHBDS10/2019(H9N2);A / H9N2;Asia / China / Hunan Province;;;Avian;2019-01-18;;;
>EPI_ISL_398184|A/wild_bird/Hunan/1.18_YYDTHBD114/2019(H9N2)|A_/_H9N2;EPI_ISL_398184;A/wild_bird/Hunan/1.18_YYDTHBD114/2019(H9N2);A / H9N2;Asia / China / Hunan Province;;;Avian;2019-01-18;;;
>EPI_ISL_398185|A/wild_bird/Hunan/12.02_YYDTHBA334/2018(H9N2)|A_/_H9N2;EPI_ISL_398185;A/wild_bird/Hunan/12.02_YYDTHBA334/2018(H9N2);A / H9N2;Asia / China / Hunan Province;;;Avian;2018-12-02;;;
>EPI_ISL_398186|A/wild_bird/Hunan/1.18_YYDTHBD241/2019(H9N2)|A_/_H9N2;EPI_ISL_398186;A/wild_bird/Hunan/1.18_YYDTHBD241/2019(H9N2);A / H9N2;Asia / China / Hunan Province;;;Avian;2019-01-18;;;
>EPI_ISL_399472|A/Anas_platyrhynchos/Belgium/2322/2015|A_/_H11N7;EPI_ISL_399472;A/Anas_platyrhynchos/Belgium/2322/2015;A / H11N7;Europe / Belgium;;;Anas platyrhynchos;2015-09-29;;;
>EPI_ISL_399475|A/Anas_platyrhynchos/Belgium/11089/2016|A_/_H11N2;EPI_ISL_399475;A/Anas_platyrhynchos/Belgium/11089/2016;A / H11N2;Europe / Belgium;;;Anas platyrhynchos;2016-11-26;;;
>EPI_ISL_399550|A/Anas_platyrhynchos/Belgium/4660/2015|A_/_H6N2;EPI_ISL_399550;A/Anas_platyrhynchos/Belgium/4660/2015;A / H6N2;Europe / Belgium;;;Anas platyrhynchos;2015-09-18;;;
>EPI_ISL_399552|A/Anas_platyrhynchos/Belgium/11186-34/2016|A_/_H6N8;EPI_ISL_399552;A/Anas_platyrhynchos/Belgium/11186-34/2016;A / H6N8;Europe / Belgium;;;Anas platyrhynchos;2016-09-08;;;
>EPI_ISL_399580|A/Anas_crecca/Belgium/9685/2016|A_/_H6N2;EPI_ISL_399580;A/Anas_crecca/Belgium/9685/2016;A / H6N2;Europe / Belgium;;;Anas crecca;2016-10-13;;;
>EPI_ISL_399731|A/mallard/Ukraine/AN-42-15-02/2011|A_/_H7N3;EPI_ISL_399731;A/mallard/Ukraine/AN-42-15-02/2011;A / H7N3;Europe / Ukraine;;;Mallard;2011-02-15;;;
>EPI_ISL_4031112|A/duck/Kerala/DUTR1411100009/2014|A_/_H3N8;EPI_ISL_4031112;A/duck/Kerala/DUTR1411100009/2014;A / H3N8;Asia / India / Kerala;;;Duck;2014-11-28;;;
>EPI_ISL_4071220|A/Mallard_(Anas_platyrhynchos)/South_Korea/KNU2019-42/2019|A_/_H4N6;EPI_ISL_4071220;A/Mallard_(Anas_platyrhynchos)/South_Korea/KNU2019-42/2019;A / H4N6;Asia / South Korea;;;Mallard;2019-03-26;;;
>EPI_ISL_4072004|A/duck/Mongolia/MN18-1/2018|A_/_H3N6;EPI_ISL_4072004;A/duck/Mongolia/MN18-1/2018;A / H3N6;Asia / Mongolia;;;Duck;2018-09-10;;;
>EPI_ISL_4072140|A/spot-billed_duck/South_Korea/JB32-105/2019|A_/_H4N2;EPI_ISL_4072140;A/spot-billed_duck/South_Korea/JB32-105/2019;A / H4N2;Asia / South Korea;;;Host;2019-11-20;;;
>EPI_ISL_4808840|A/mallard/Denmark/12947-12/2020-10-26(H7N5)|A_/_H7N5;EPI_ISL_4808840;A/mallard/Denmark/12947-12/2020-10-26(H7N5);A / H7N5;Europe / Denmark / Region Sjaland / Naestved Kommune;;;Mallard;2020-10-26;;;
>EPI_ISL_502594|A/Anas_platyrhynchos/Belgium/10399/2018|A_/_H4N6;EPI_ISL_502594;A/Anas_platyrhynchos/Belgium/10399/2018;A / H4N6;Europe / Belgium;;;Anas platyrhynchos;2018-09-29;;;
>EPI_ISL_502596|A/Anas_platyrhynchos/Belgium/10749_47/2017|A_/_H5N3;EPI_ISL_502596;A/Anas_platyrhynchos/Belgium/10749_47/2017;A / H5N3;Europe / Belgium;;;Anas platyrhynchos;2017-08-29;;;
>EPI_ISL_502597|A/Anas_platyrhynchos/Belgium/11025_44/2017|A_/_H11N1;EPI_ISL_502597;A/Anas_platyrhynchos/Belgium/11025_44/2017;A / H11N1;Europe / Belgium;;;Anas platyrhynchos;2017-09-22;;;
>EPI_ISL_502598|A/Anas_platyrhynchos/Belgium/11026_11/2017|A_/_H11N9;EPI_ISL_502598;A/Anas_platyrhynchos/Belgium/11026_11/2017;A / H11N9;Europe / Belgium;;;Anas platyrhynchos;2017-09-30;;;
>EPI_ISL_502599|A/Anas_platyrhynchos/Belgium/11027_19/2017|A_/_H3N8;EPI_ISL_502599;A/Anas_platyrhynchos/Belgium/11027_19/2017;A / H3N8;Europe / Belgium;;;Anas platyrhynchos;2017-10-04;;;
>EPI_ISL_502603|A/Anas_platyrhynchos/Belgium/11442_39/2016|A_/_H5N3;EPI_ISL_502603;A/Anas_platyrhynchos/Belgium/11442_39/2016;A / H5N3;Europe / Belgium;;;Anas platyrhynchos;2016-11-04;;;
>EPI_ISL_502604|A/Anas_platyrhynchos/Belgium/11798_H189445/2016|A_/_H10N5;EPI_ISL_502604;A/Anas_platyrhynchos/Belgium/11798_H189445/2016;A / H10N5;Europe / Belgium;;;Anas platyrhynchos;2016-12-16;;;
>EPI_ISL_502609|A/Anas_platyrhynchos/Belgium/398_H189467/2017|A_/_H10N5;EPI_ISL_502609;A/Anas_platyrhynchos/Belgium/398_H189467/2017;A / H10N5;Europe / Belgium;;;Anas platyrhynchos;2017-01-10;;;
>EPI_ISL_502612|A/Anas_platyrhynchos/Belgium/7827/2018|A_/_H3N8;EPI_ISL_502612;A/Anas_platyrhynchos/Belgium/7827/2018;A / H3N8;Europe / Belgium;;;Anas platyrhynchos;2018-01-09;;;
>EPI_ISL_502616|A/Anas_platyrhynchos/Belgium/9074_H191808/2016|A_/_H5N3;EPI_ISL_502616;A/Anas_platyrhynchos/Belgium/9074_H191808/2016;A / H5N3;Europe / Belgium;;;Anas platyrhynchos;2016-09-25;;;
>EPI_ISL_502617|A/Anas_platyrhynchos/Belgium/9473/2016|A_/_H5N3;EPI_ISL_502617;A/Anas_platyrhynchos/Belgium/9473/2016;A / H5N3;Europe / Belgium;;;Anas platyrhynchos;2016-10-04;;;
>EPI_ISL_502736|A/Anas_platyrhynchos/Belgium/10402_H195386/2017|A_/_H1N1;EPI_ISL_502736;A/Anas_platyrhynchos/Belgium/10402_H195386/2017;A / H1N1;Europe / Belgium;;;Anas platyrhynchos;2017-11-19;;;
>EPI_ISL_63493|A/water/Dongting_Lake/Hunan/3-9/2007|A_/_H10N8;EPI_ISL_63493;A/water/Dongting_Lake/Hunan/3-9/2007;A / H10N8;Asia / China;;;Water sample;2007-10-31;;;
>EPI_ISL_63494|A/environment/Dongting_Lake/Hunan/3-9/2007|A_/_H10N8;EPI_ISL_63494;A/environment/Dongting_Lake/Hunan/3-9/2007;A / H10N8;Asia / China;;;Environment;2007;;;
>EPI_ISL_63510|A/garganey/Altai/1213/2007|A_/_H5N2;EPI_ISL_63510;A/garganey/Altai/1213/2007;A / H5N2;Europe / Russian Federation;;;Anas querquedula;2007-09;;;
>EPI_ISL_68500|A/chicken/Italy/1067/1999|A_/_H7N1;EPI_ISL_68500;A/chicken/Italy/1067/1999;A / H7N1;Europe / Italy;;;Chicken;1999;;;
>EPI_ISL_68560|A/turkey/Italy/4580/1999|A_/_H7N1;EPI_ISL_68560;A/turkey/Italy/4580/1999;A / H7N1;Europe / Italy;;;Turkey;1999;;;
>EPI_ISL_68561|A/turkey/Italy/977/1999|A_/_H7N1;EPI_ISL_68561;A/turkey/Italy/977/1999;A / H7N1;Europe / Italy;;;Turkey;1999;;;
>EPI_ISL_697694|A/duck/Mongolia/401/2018|A_/_H4N6;EPI_ISL_697694;A/duck/Mongolia/401/2018;A / H4N6;Asia / Mongolia;;;Duck;2018-09-02;;;
>EPI_ISL_7033|A/duck/Italy/551/2000|A_/_H7N1;EPI_ISL_7033;A/duck/Italy/551/2000;A / H7N1;Europe / Italy;;;Duck;2000;;;
>EPI_ISL_7161|A/chicken/Italy/4746/1999|A_/_H7N1;EPI_ISL_7161;A/chicken/Italy/4746/1999;A / H7N1;Europe / Italy;;;Chicken;1999-12-21;;;
>EPI_ISL_7162|A/guinea_fowl/Italy/155/2000|A_/_H7N1;EPI_ISL_7162;A/guinea_fowl/Italy/155/2000;A / H7N1;Europe / Italy;;;Guineafowl;2000-01-11;;;
>EPI_ISL_7164|A/chicken/Italy/1082/1999|A_/_H7N1;EPI_ISL_7164;A/chicken/Italy/1082/1999;A / H7N1;Europe / Italy;;;Chicken;1999;;;
>EPI_ISL_73367|A/mallard/Netherlands/10/1999|A_/_H1N8;EPI_ISL_73367;A/mallard/Netherlands/10/1999;A / H1N8;Europe / Netherlands / South Holland / Nederlek / Krimpen a/d Lek;;;Anas platyrhynchos;1999-10-11;;;
>EPI_ISL_73375|A/mallard/Sweden/3/2002|A_/_H1N2;EPI_ISL_73375;A/mallard/Sweden/3/2002;A / H1N2;Europe / Sweden / Kalmar Lan / Morbylanga Kommun / Ottenby;;;Anas platyrhynchos;2002-10-20;;;
>EPI_ISL_73377|A/mallard/Sweden/41/2002|A_/_H10N6;EPI_ISL_73377;A/mallard/Sweden/41/2002;A / H10N6;Europe / Sweden / Kalmar Lan / Morbylanga Kommun / Ottenby;;;Anas platyrhynchos;2002-11-13;;;
>EPI_ISL_73383|A/mallard/Sweden/55/2002|A_/_H11N2;EPI_ISL_73383;A/mallard/Sweden/55/2002;A / H11N2;Europe / Sweden / Kalmar Lan / Morbylanga Kommun / Ottenby;;;Anas platyrhynchos;2002-11-16;;;
>EPI_ISL_73388|A/mallard/Sweden/65/2002|A_/_H10N9;EPI_ISL_73388;A/mallard/Sweden/65/2002;A / H10N9;Europe / Sweden / Kalmar Lan / Morbylanga Kommun / Ottenby;;;Anas platyrhynchos;2002-11-17;;;
>EPI_ISL_74112|A/teal/Germany/Wv632/2005|A_/_H5N1;EPI_ISL_74112;A/teal/Germany/Wv632/2005;A / H5N1;Europe / Germany;;;Anas crecca;2005-11-25;;;
>EPI_ISL_7496|A/turkey/Italy/1084/2000|A_/_H7N1;EPI_ISL_7496;A/turkey/Italy/1084/2000;A / H7N1;Europe / Italy;;;Turkey;2000-02-10;;;
>EPI_ISL_7507|A/turkey/Italy/4708/1999|A_/_H7N1;EPI_ISL_7507;A/turkey/Italy/4708/1999;A / H7N1;Europe / Italy;;;Turkey;1999-12-21;;;
>EPI_ISL_7549|A/quail/Italy/4992/1999|A_/_H7N1;EPI_ISL_7549;A/quail/Italy/4992/1999;A / H7N1;Europe / Italy;;;Other avian;1999-12-30;;;
>EPI_ISL_7595028|A/Anas_platyrhynchos/Belgium/9093_002/2020|A_/_H4N6;EPI_ISL_7595028;A/Anas_platyrhynchos/Belgium/9093_002/2020;A / H4N6;Europe / Belgium / Province de Brabant Wallon / La Hulpe;;;Mallard duck;2020-09-08;;;
>EPI_ISL_7595492|A/Anas_platyrhynchos/Belgium/10413_0003/2020|A_/_H5N2;EPI_ISL_7595492;A/Anas_platyrhynchos/Belgium/10413_0003/2020;A / H5N2;Europe / Belgium / Province de Hainaut / Frasnes Lez Anvaing;;;Mallard duck;2020-10-04;;;
>EPI_ISL_7623045|A/Anas_platyrynchos/Belgium/1098_2/2020|A_/_H1N1;EPI_ISL_7623045;A/Anas_platyrynchos/Belgium/1098_2/2020;A / H1N1;Europe / Belgium / Province de Namur / Natoye;;;Mallard duck;2020-09-12;;;
>EPI_ISL_7623079|A/Anas_platyrynchos/Belgium/1100_3/2020|A_/_H1N1;EPI_ISL_7623079;A/Anas_platyrynchos/Belgium/1100_3/2020;A / H1N1;Europe / Belgium / Province de Namur / Scy;;;Mallard duck;2020-09-03;;;
>EPI_ISL_7624143|A/Anas_platyrhynchos/Belgium/11294_004/2021|A_/_H3N8;EPI_ISL_7624143;A/Anas_platyrhynchos/Belgium/11294_004/2021;A / H3N8;Europe / Belgium / Province de Namur / Longchamps;;;Mallard duck;2021-08-28;;;
>EPI_ISL_76443|A/mallard/Jiangxi/4408/2005|A_/_H6N8;EPI_ISL_76443;A/mallard/Jiangxi/4408/2005;A / H6N8;Asia / China / Jiangxi Province;;;Anas platyrhynchos;2005;;;
>EPI_ISL_780416|A/avian/Netherlands/14015784-051055/2014|A_/_H9N2;EPI_ISL_780416;A/avian/Netherlands/14015784-051055/2014;A / H9N2;Europe / Netherlands / South Holland / Gemeente Capelle aan den IJssel;;;Avian;2014-11-19;;;
>EPI_ISL_7987341|A/mallard/Italy/21VIR8919-1/2021|A_/_H5N2;EPI_ISL_7987341;A/mallard/Italy/21VIR8919-1/2021;A / H5N2;Europe / Italy;;;Mallard;2021-10-27;;;
>EPI_ISL_80924|A/avian/Egypt/920431/2006|A_/_H9N2;EPI_ISL_80924;A/avian/Egypt/920431/2006;A / H9N2;Africa / Egypt;;;Avian;2006;;;
>EPI_ISL_819124|A/mallard/Netherlands/19001282-001/2019|A_/_H5N1;EPI_ISL_819124;A/mallard/Netherlands/19001282-001/2019;A / H5N1;Europe / Netherlands / Provincie Noord-Holland / Gemeente Velsen;;;Mallard;2019-01-23;;;
>EPI_ISL_822837|A/green_sandpiper/Netherlands/19011490-013/2019|A_/_H5N1;EPI_ISL_822837;A/green_sandpiper/Netherlands/19011490-013/2019;A / H5N1;Europe / Netherlands / Provincie Noord-Holland / Gemeente Haarlemmermeer;;;Sandpiper;2019-08-13;;;
>EPI_ISL_825157|A/mute_swan/Netherlands/18016105-001/2018|A_/_H9N2;EPI_ISL_825157;A/mute_swan/Netherlands/18016105-001/2018;A / H9N2;Europe / Netherlands / Provincie Noord-Holland / Gemeente Haarlemmermeer;;;Cygnus olor;2018-10-30;;;
>EPI_ISL_825158|A/swan/Netherlands/18019125-002/2018|A_/_H5N3;EPI_ISL_825158;A/swan/Netherlands/18019125-002/2018;A / H5N3;Europe / Netherlands / Provincie Drenthe / De Wolden;;;Swan;2018-12-28;;;
>EPI_ISL_825173|A/duck/Netherlands/18018989-011015/2018|A_/_H5N3;EPI_ISL_825173;A/duck/Netherlands/18018989-011015/2018;A / H5N3;Europe / Netherlands / Provincie Drenthe / De Wolden;;;Duck;2018-12-24;;;
>EPI_ISL_89350|A/aquatic_bird/Korea/CN5/2009|A_/_H6N5;EPI_ISL_89350;A/aquatic_bird/Korea/CN5/2009;A / H6N5;Asia / South Korea;;;Avian;2009-11;;;
>EPI_ISL_89980|A/mallard/Czech_Republic/13577-24K/2010|A_/_H3N8;EPI_ISL_89980;A/mallard/Czech_Republic/13577-24K/2010;A / H3N8;Europe / Czech Republic;;;Anas platyrhynchos;2010-09-16;;;
>EPI_ISL_9251569|A/Anas_platyrhynchos/Belgium/8777_003/2021|A_/_H7N8;EPI_ISL_9251569;A/Anas_platyrhynchos/Belgium/8777_003/2021;A / H7N8;Europe / Belgium / Province de Namur;;;Mallard;2021-06-27;;;
>EPI_ISL_94077|A/chicken/Italy/1391/1999|A_/_H7N1;EPI_ISL_94077;A/chicken/Italy/1391/1999;A / H7N1;Europe / Italy;;;Chicken;1999-04-16;;;
>EPI_ISL_94078|A/turkey/Italy/1067/1999|A_/_H7N1;EPI_ISL_94078;A/turkey/Italy/1067/1999;A / H7N1;Europe / Italy;;;Turkey;1999-02-04;;;
>EPI_ISL_95912|A/aquatic_bird/Korea/CN9/2009|A_/_H6N8;EPI_ISL_95912;A/aquatic_bird/Korea/CN9/2009;A / H6N8;Asia / South Korea;;;Avian;2009-11;;;
>EPI_ISL_95914|A/aquatic_bird/Korea/CN17/2009|A_/_H6N2;EPI_ISL_95914;A/aquatic_bird/Korea/CN17/2009;A / H6N2;Asia / South Korea;;;Avian;2009-11;;;
>EPI_ISL_9955427|A/duck/Bangladesh/17D1584/2021|A_/_H6N1;EPI_ISL_9955427;A/duck/Bangladesh/17D1584/2021;A / H6N1;Asia / Bangladesh;;;Avian;2021-01-10;;;
>EPI_ISL_19030162|A/Common_Buzzard/Germany-HH/2024AI01435/2024|A_/_H5N1;EPI_ISL_19030162;A/Common Buzzard/Germany-HH/2024AI01435/2024;A / H5N1;Europe / Germany;53,522888;10,01462;Buteo buteo;2024-02-28;;;